"MANDT",DIMID,"LENG","MASS","TIMEX","ECURR","TEMP","MOLQU","LIGHT","MSSIE","TEMP_DEP","PRESS_DEP"
"900","VISDYN",0,1,0,0,0,0,0,"PAS",,
"900","VISKIN",2,0,0,0,0,0,0,"M2S",,
"900","VOLFLO",3,0,0,0,0,0,0,"M3S",,
"900","VOLTAG",2,1,0,0,0,0,0,"V",,
"900","VOLUME",3,0,0,0,0,0,0,"M3",,
"900","VPROPO",0,0,0,0,0,0,12,"KMK",,
"909","AAAADL",0,0,0,0,0,0,0,,,
"909","ACBAC",0,0,0,0,0,1,0,"C36",,
"909","ACCEL",1,0,0,0,0,0,0,"MS2",,
"909","CAPACI",0,0,4,2,0,0,0,"F",,
"909","CONDUC",0,0,3,2,0,0,0,"D10",,
"909","DENSI",0,1,0,0,0,0,0,"KGV",,
"909","ECURR",0,0,0,1,0,0,0,"A",,
"909","ENERGY",2,1,0,0,0,0,0,"J",,
"909","EVARA",0,1,0,0,0,0,0,,,
"909","FORCE",1,1,0,0,0,0,0,"N",,
"909","FREQU",0,0,0,0,0,0,0,"HZ",,
"707","FREQU",0,0,0,0,0,0,0,"HZ",,
"909","HYDROL",3,0,0,0,0,0,0,"LMS",,
"909","LENGTH",1,0,0,0,0,0,0,"M",,
"707","HYDROL",3,0,0,0,0,0,0,,,
"707","LENGTH",1,0,0,0,0,0,0,"M",,
"909","LIGHT",0,0,0,0,0,0,1,"CD",,
"707","LIGHT",0,0,0,0,0,0,1,"CD",,
"909","MAGNFD",0,1,0,0,0,0,0,"TES",,
"707","MAGNFD",0,1,0,0,0,0,0,,,
"909","MAPER",0,0,2,0,0,0,0,"kgj",,
"707","MAPER",0,0,2,0,0,0,0,"kgj",,
"707","MASFLO",0,1,0,0,0,0,0,"KGS",,
"909","MASFLO",0,1,0,0,0,0,0,"KGS",,
"707","MASS",0,1,0,0,0,0,0,"KG",,
"909","MASS",0,1,0,0,0,0,0,"KG",,
"505","MOLQU",0,0,0,0,0,1,0,"MOL",,
"707","MASSBD",0,1,0,0,0,0,0,,,
"909","MASSBD",0,1,0,0,0,0,0,"KGF",,
"707","MOENER",2,1,0,0,0,1,0,,,
"909","MOENER",2,1,0,0,0,1,0,"JMO",,
"505","MPROPO",0,0,0,0,0,0,11,,,
"707","MOLMAS",0,1,0,0,0,0,0,,,
"909","MOLMAS",0,1,0,0,0,0,0,"KGM",,
"707","MOLQU",0,0,0,0,0,1,0,"MOL",,
"909","MOLQU",0,0,0,0,0,1,0,"MOL",,
"505","POINTS",0,0,0,0,0,0,9,"P",,
"707","MPROPO",0,0,0,0,0,0,11,,,
"909","MPROPO",0,0,0,0,0,0,11,"KGK",,
"707","POINTS",0,0,0,0,0,0,9,"P",,
"909","PERMEA",0,1,0,0,0,0,10,"PMR",,
"505","POWER",2,1,0,0,0,0,0,"W",,
"707","POWER",2,1,0,0,0,0,0,"W",,
"909","POINTS",0,0,0,0,0,0,9,"P",,
"707","PRESS",0,1,0,0,0,0,0,"PA",,
"505","PRESS",0,1,0,0,0,0,0,"PA",,
"909","POWER",2,1,0,0,0,0,0,"W",,
"707","PROPOR",0,0,0,0,0,0,10,,,
"909","PRESS",0,1,0,0,0,0,0,"PA",,
"707","RESIST",2,1,0,0,0,0,0,"OHM",,
"505","PROPOR",0,0,0,0,0,0,10,,,
"909","PROPOR",0,0,0,0,0,0,10,"1",,
"707","ROUNDS",1,0,1,0,0,0,0,,,
"909","RESIST",2,1,0,0,0,0,0,"OHM",,
"505","RESIST",2,1,0,0,0,0,0,"OHM",,
"707","SDL",0,0,0,0,0,0,22,,,"X"
"909","SPAEQU",0,0,0,0,0,1,0,"MOK",,
"707","SPAEQU",0,0,0,0,0,1,0,,,
"505","ROUNDS",1,0,1,0,0,0,0,,,
"909","SPARAD",0,0,0,0,0,0,0,"BQK",,
"203","EVARA",0,1,0,0,0,0,0,,,
"720","RESIST",2,1,0,0,0,0,0,"OHM",,
"909","SPEED",1,0,0,0,0,0,0,"M/S",,
"707","SPARAD",0,0,0,0,0,0,0,,,
"505","SPAEQU",0,0,0,0,0,1,0,,,
"909","SPENER",2,0,0,0,0,0,0,"JKG",,
"707","SPEED",1,0,0,0,0,0,0,"M/S",,
"203","FORCE",1,1,0,0,0,0,0,"N",,
"720","SPAEQU",0,0,0,0,0,1,0,"MOK",,
"707","SPENER",2,0,0,0,0,0,0,,,
"505","SPARAD",0,0,0,0,0,0,0,,,
"909","SPHCAP",2,0,0,0,0,0,0,"JKK","X",
"707","STEXKZ",0,1,0,0,0,0,0,,,
"203","FREQU",0,0,0,0,0,0,0,"HZ",,
"909","SPREST",3,1,0,0,0,0,0,"OM",,
"720","SPARAD",0,0,0,0,0,0,0,"BQK",,
"707","SURFAC",2,0,0,0,0,0,0,"M2",,
"505","SPEED",1,0,0,0,0,0,0,"M/S",,
"909","STEXKZ",0,1,0,0,0,0,0,"MPZ",,
"707","SURFTE",0,1,0,0,0,0,0,,,
"203","HYDROL",3,0,0,0,0,0,0,"LMS",,
"720","SPEED",1,0,0,0,0,0,0,"M/S",,
"909","SURFAC",2,0,0,0,0,0,0,"M2",,
"505","SPENER",2,0,0,0,0,0,0,,,
"707","SURINV",0,0,0,0,0,0,0,"M2I",,
"909","SURFTE",0,1,0,0,0,0,0,"NM",,
"203","LENGTH",1,0,0,0,0,0,0,"M",,
"720","SPENER",2,0,0,0,0,0,0,"JKG",,
"707","TEMP",0,0,0,0,1,0,0,"K",,
"505","STEXKZ",0,1,0,0,0,0,0,,,
"909","SURINV",0,0,0,0,0,0,0,"M2I",,
"203","LIGHT",0,0,0,0,0,0,1,"CD",,
"909","TEMP",0,0,0,0,1,0,0,"K",,
"720","SPHCAP",2,0,0,0,0,0,0,"JKK","X",
"707","TEMPRT",0,0,0,0,1,0,0,,,
"505","SURFAC",2,0,0,0,0,0,0,"M2",,
"909","TEMPRT",0,0,0,0,1,0,0,"KMS",,
"707","TIME",0,0,1,0,0,0,0,"S",,
"720","SPREST",3,1,0,0,0,0,0,"OM",,
"203","MAGNFD",0,1,0,0,0,0,0,"TES",,
"909","THCOND",1,1,0,0,0,0,0,"WMK","X",
"707","TKONZ",0,0,0,0,0,0,0,,,
"505","SURFTE",0,1,0,0,0,0,0,,,
"720","STEXKZ",0,1,0,0,0,0,0,"MPZ",,
"203","MAPER",0,0,2,0,0,0,0,"kgj",,
"909","TIME",0,0,1,0,0,0,0,"S",,
"707","VISDYN",0,1,0,0,0,0,0,"PAS",,
"909","TKONZ",0,0,0,0,0,0,0,"TM3",,
"720","SURFAC",2,0,0,0,0,0,0,"M2",,
"707","VISKIN",2,0,0,0,0,0,0,"M2S",,
"505","SURINV",0,0,0,0,0,0,0,"M2I",,
"203","MASFLO",0,1,0,0,0,0,0,"KGS",,
"909","VISDYN",0,1,0,0,0,0,0,"PAS",,
"707","VOLFLO",3,0,0,0,0,0,0,"M3S",,
"720","SURFTE",0,1,0,0,0,0,0,"NM",,
"909","VISKIN",2,0,0,0,0,0,0,"M2S",,
"707","VOLTAG",2,1,0,0,0,0,0,"V",,
"505","TEMP",0,0,0,0,1,0,0,"K",,
"203","MASS",0,1,0,0,0,0,0,"KG",,
"707","VOLUME",3,0,0,0,0,0,0,"M3",,
"720","SURINV",0,0,0,0,0,0,0,"M2I",,
"909","VOLFLO",3,0,0,0,0,0,0,"M3S",,
"505","TEMPRT",0,0,0,0,1,0,0,,,
"707","VPROPO",0,0,0,0,0,0,12,,,
"203","MASSBD",0,1,0,0,0,0,0,"KGF",,
"909","VOLTAG",2,1,0,0,0,0,0,"V",,
"720","TEMP",0,0,0,0,1,0,0,"K",,
"708","AAAADL",0,0,0,0,0,0,0,,"X","X"
"505","TIME",0,0,1,0,0,0,0,"S",,
"909","VOLUME",3,0,0,0,0,0,0,"M3",,
"203","MOENER",2,1,0,0,0,1,0,"JMO",,
"708","ACCEL",1,0,0,0,0,0,0,"MS2",,
"909","VPROPO",0,0,0,0,0,0,12,"KMK",,
"720","TEMPRT",0,0,0,0,1,0,0,"KMS",,
"505","TKONZ",0,0,0,0,0,0,0,,,
"708","CAPACI",0,0,4,2,0,0,0,,,
"910","AAAADL",0,0,0,0,0,0,0,,,
"203","MOLMAS",0,1,0,0,0,0,0,"KGM",,
"708","CONDUC",0,0,3,2,0,0,0,"D10",,
"910","ACBAC",0,0,0,0,0,1,0,"C36",,
"720","THCOND",1,1,0,0,0,0,0,"WMK","X",
"505","VISDYN",0,1,0,0,0,0,0,"PAS",,
"910","ACCEL",1,0,0,0,0,0,0,"MS2",,
"708","DENSI",0,1,0,0,0,0,0,"KGV",,
"203","MOLQU",0,0,0,0,0,1,0,"MOL",,
"720","TIME",0,0,1,0,0,0,0,"S",,
"910","CAPACI",0,0,4,2,0,0,0,"F",,
"708","ECURR",0,0,0,1,0,0,0,"A",,
"505","VISKIN",2,0,0,0,0,0,0,"M2S",,
"203","MPROPO",0,0,0,0,0,0,11,"KGK",,
"708","ENERGY",2,1,0,0,0,0,0,"J",,
"910","CONDUC",0,0,3,2,0,0,0,"D10",,
"720","TKONZ",0,0,0,0,0,0,0,"TM3",,
"708","FORCE",1,1,0,0,0,0,0,"N",,
"910","DENSI",0,1,0,0,0,0,0,"KGV",,
"505","VOLFLO",3,0,0,0,0,0,0,"M3S",,
"203","POINTS",0,0,0,0,0,0,9,"P",,
"720","VISDYN",0,1,0,0,0,0,0,"PAS",,
"708","FREQU",0,0,0,0,0,0,0,"HZ",,
"910","ECURR",0,0,0,1,0,0,0,"A",,
"708","HYDROL",3,0,0,0,0,0,0,,,
"910","ENERGY",2,1,0,0,0,0,0,"J",,
"203","POWER",2,1,0,0,0,0,0,"W",,
"505","VOLTAG",2,1,0,0,0,0,0,"V",,
"720","VISKIN",2,0,0,0,0,0,0,"M2S",,
"708","LENGTH",1,0,0,0,0,0,0,"M",,
"910","EVARA",0,1,0,0,0,0,0,,,
"708","LIGHT",0,0,0,0,0,0,1,"CD",,
"203","PRESS",0,1,0,0,0,0,0,"PA",,
"720","VOLFLO",3,0,0,0,0,0,0,"M3S",,
"505","VOLUME",3,0,0,0,0,0,0,"M3",,
"910","FORCE",1,1,0,0,0,0,0,"N",,
"708","MAGNFD",0,1,0,0,0,0,0,,,
"720","VOLTAG",2,1,0,0,0,0,0,"V",,
"555","CAPACI",0,0,4,2,0,0,0,,,
"910","FREQU",0,0,0,0,0,0,0,"HZ",,
"708","MAPER",0,0,2,0,0,0,0,"kgj",,
"203","PROPOR",0,0,0,0,0,0,10,"1",,
"505","VPROPO",0,0,0,0,0,0,12,,,
"708","MASFLO",0,1,0,0,0,0,0,"KGS",,
"910","HYDROL",3,0,0,0,0,0,0,"LMS",,
"720","VOLUME",3,0,0,0,0,0,0,"M3",,
"203","RESIST",2,1,0,0,0,0,0,"OHM",,
"910","LENGTH",1,0,0,0,0,0,0,"M",,
"708","MASS",0,1,0,0,0,0,0,"KG",,
"555","DENSI",0,1,0,0,0,0,0,"KGV",,
"506","AAAADL",0,0,0,0,0,0,0,,"X","X"
"708","MASSBD",0,1,0,0,0,0,0,,,
"910","LIGHT",0,0,0,0,0,0,1,"CD",,
"720","VPROPO",0,0,0,0,0,0,12,"KMK",,
"410","TEMPRT",0,0,0,0,1,0,0,,,
"203","SPAEQU",0,0,0,0,0,1,0,"MOK",,
"555","DOSRAT",2,0,0,0,0,0,0,"SVS",,
"708","MOENER",2,1,0,0,0,1,0,,,
"910","MAGNFD",0,1,0,0,0,0,0,"TES",,
"708","MOLMAS",0,1,0,0,0,0,0,,,
"555","ECURR",0,0,0,1,0,0,0,"A",,
"506","ACCEL",1,0,0,0,0,0,0,"MS2",,
"910","MAPER",0,0,2,0,0,0,0,"kgj",,
"732","AAAADL",0,0,0,0,0,0,0,,"X","X"
"203","SPARAD",0,0,0,0,0,0,0,"BQK",,
"708","MOLQU",0,0,0,0,0,1,0,"MOL",,
"410","TIME",0,0,1,0,0,0,0,"S",,
"555","ENERGY",2,1,0,0,0,0,0,"J",,
"910","MASFLO",0,1,0,0,0,0,0,"KGS",,
"708","MPROPO",0,0,0,0,0,0,11,,,
"732","ACCEL",1,0,0,0,0,0,0,"MS2",,
"506","CAPACI",0,0,4,2,0,0,0,,,
"555","FORCE",1,1,0,0,0,0,0,"N",,
"203","SPEED",1,0,0,0,0,0,0,"M/S",,
"410","TKONZ",0,0,0,0,0,0,0,,,
"910","MASS",0,1,0,0,0,0,0,"KG",,
"708","POINTS",0,0,0,0,0,0,9,"P",,
"732","CAPACI",0,0,4,2,0,0,0,,,
"555","FREQU",0,0,0,0,0,0,0,"HZ",,
"910","MASSBD",0,1,0,0,0,0,0,"KGF",,
"708","POWER",2,1,0,0,0,0,0,"W",,
"732","CONDUC",0,0,3,2,0,0,0,"D10",,
"506","CONDUC",0,0,3,2,0,0,0,"D10",,
"203","SPENER",2,0,0,0,0,0,0,"JKG",,
"910","MOENER",2,1,0,0,0,1,0,"JMO",,
"555","HYDROL",3,0,0,0,0,0,0,,,
"708","PRESS",0,1,0,0,0,0,0,"PA",,
"410","VISDYN",0,1,0,0,0,0,0,"PAS",,
"732","DENSI",0,1,0,0,0,0,0,"KGV",,
"910","MOLMAS",0,1,0,0,0,0,0,"KGM",,
"708","PROPOR",0,0,0,0,0,0,10,,,
"506","DENSI",0,1,0,0,0,0,0,"KGV",,
"555","LENGTH",1,0,0,0,0,0,0,"M",,
"732","ECURR",0,0,0,1,0,0,0,"A",,
"203","SPHCAP",2,0,0,0,0,0,0,"JKK","X",
"708","RESIST",2,1,0,0,0,0,0,"OHM",,
"410","VISKIN",2,0,0,0,0,0,0,"M2S",,
"910","MOLQU",0,0,0,0,0,1,0,"MOL",,
"555","LIGHT",0,0,0,0,0,0,1,"CD",,
"732","ENERGY",2,1,0,0,0,0,0,"J",,
"708","ROUNDS",1,0,1,0,0,0,0,,,
"203","SPREST",3,1,0,0,0,0,0,"OM",,
"506","ECURR",0,0,0,1,0,0,0,"A",,
"910","MPROPO",0,0,0,0,0,0,11,"KGK",,
"708","SDL",0,0,0,0,0,0,22,,,"X"
"732","FORCE",1,1,0,0,0,0,0,"N",,
"555","MAGNFD",0,1,0,0,0,0,0,,,
"410","VOLFLO",3,0,0,0,0,0,0,"M3S",,
"203","STEXKZ",0,1,0,0,0,0,0,"MPZ",,
"506","ENERGY",2,1,0,0,0,0,0,"J",,
"910","PERMEA",0,1,0,0,0,0,10,"PMR",,
"708","SPAEQU",0,0,0,0,0,1,0,,,
"732","FREQU",0,0,0,0,0,0,0,"HZ",,
"555","MASFLO",0,1,0,0,0,0,0,"KGS",,
"910","POINTS",0,0,0,0,0,0,9,"P",,
"708","SPARAD",0,0,0,0,0,0,0,,,
"203","SURFAC",2,0,0,0,0,0,0,"M2",,
"410","VOLTAG",2,1,0,0,0,0,0,"V",,
"506","FORCE",1,1,0,0,0,0,0,"N",,
"732","HYDROL",3,0,0,0,0,0,0,,,
"555","MASS",0,1,0,0,0,0,0,"KG",,
"708","SPEED",1,0,0,0,0,0,0,"M/S",,
"910","POWER",2,1,0,0,0,0,0,"W",,
"732","LENGTH",1,0,0,0,0,0,0,"M",,
"203","SURFTE",0,1,0,0,0,0,0,"NM",,
"910","PRESS",0,1,0,0,0,0,0,"PA",,
"732","LIGHT",0,0,0,0,0,0,1,"CD",,
"410","VOLUME",3,0,0,0,0,0,0,"M3",,
"506","FREQU",0,0,0,0,0,0,0,"HZ",,
"555","MASSBD",0,1,0,0,0,0,0,,,
"708","SPENER",2,0,0,0,0,0,0,,,
"910","PROPOR",0,0,0,0,0,0,10,"1",,
"203","SURINV",0,0,0,0,0,0,0,"M2I",,
"732","MAGNFD",0,1,0,0,0,0,0,,,
"555","MOENER",2,1,0,0,0,1,0,,,
"708","STEXKZ",0,1,0,0,0,0,0,,,
"410","VPROPO",0,0,0,0,0,0,12,,,
"910","RESIST",2,1,0,0,0,0,0,"OHM",,
"732","MAPER",0,0,2,0,0,0,0,"kgj",,
"555","MOLMAS",0,1,0,0,0,0,0,,,
"506","HYDROL",3,0,0,0,0,0,0,,,
"600","SPARAD",0,0,0,0,0,0,0,,,
"203","TEMP",0,0,0,0,1,0,0,"K",,
"708","SURFAC",2,0,0,0,0,0,0,"M2",,
"732","MASFLO",0,1,0,0,0,0,0,"KGS",,
"910","SPAEQU",0,0,0,0,0,1,0,"MOK",,
"412","AAAADL",0,0,0,0,0,0,0,,"X","X"
"555","MOLQU",0,0,0,0,0,1,0,"MOL",,
"708","SURFTE",0,1,0,0,0,0,0,,,
"732","MASS",0,1,0,0,0,0,0,"KG",,
"506","LENGTH",1,0,0,0,0,0,0,"M",,
"203","TEMPRT",0,0,0,0,1,0,0,"KMS",,
"708","SURINV",0,0,0,0,0,0,0,"M2I",,
"910","SPARAD",0,0,0,0,0,0,0,"BQK",,
"555","MPROPO",0,0,0,0,0,0,11,,,
"732","MASSBD",0,1,0,0,0,0,0,,,
"412","ACCEL",1,0,0,0,0,0,0,"MS2",,
"708","TEMP",0,0,0,0,1,0,0,"K",,
"910","SPEED",1,0,0,0,0,0,0,"M/S",,
"555","POINTS",0,0,0,0,0,0,9,,,
"600","SPEED",1,0,0,0,0,0,0,"M/S",,
"732","MOENER",2,1,0,0,0,1,0,,,
"203","THCOND",1,1,0,0,0,0,0,"WMK","X",
"506","LIGHT",0,0,0,0,0,0,1,"CD",,
"708","TEMPRT",0,0,0,0,1,0,0,,,
"910","SPENER",2,0,0,0,0,0,0,"JKG",,
"555","POWER",2,1,0,0,0,0,0,"W",,
"412","CAPACI",0,0,4,2,0,0,0,,,
"732","MOLMAS",0,1,0,0,0,0,0,,,
"708","TIME",0,0,1,0,0,0,0,"S",,
"910","SPHCAP",2,0,0,0,0,0,0,"JKK","X",
"555","PRESS",0,1,0,0,0,0,0,"PA",,
"203","TIME",0,0,1,0,0,0,0,"S",,
"600","SPENER",2,0,0,0,0,0,0,,,
"732","MOLQU",0,0,0,0,0,1,0,"MOL",,
"708","TKONZ",0,0,0,0,0,0,0,,,
"412","DENSI",0,1,0,0,0,0,0,"KGV",,
"910","SPREST",3,1,0,0,0,0,0,"OM",,
"555","PROPOR",0,0,0,0,0,0,10,,,
"506","MAGNFD",0,1,0,0,0,0,0,,,
"732","MPROPO",0,0,0,0,0,0,11,,,
"203","TKONZ",0,0,0,0,0,0,0,"TM3",,
"708","VISDYN",0,1,0,0,0,0,0,"PAS",,
"600","STEXKZ",0,1,0,0,0,0,0,,,
"910","STEXKZ",0,1,0,0,0,0,0,"MPZ",,
"555","RESIST",2,1,0,0,0,0,0,"OHM",,
"732","POINTS",0,0,0,0,0,0,9,"P",,
"412","ECURR",0,0,0,1,0,0,0,"A",,
"708","VISKIN",2,0,0,0,0,0,0,"M2S",,
"506","MAPER",0,0,2,0,0,0,0,"kgj",,
"555","ROUNDS",1,0,1,0,0,0,0,,,
"910","SURFAC",2,0,0,0,0,0,0,"M2",,
"600","SURFAC",2,0,0,0,0,0,0,"M2",,
"708","VOLFLO",3,0,0,0,0,0,0,"M3S",,
"203","VISDYN",0,1,0,0,0,0,0,"PAS",,
"732","POWER",2,1,0,0,0,0,0,"W",,
"506","MASFLO",0,1,0,0,0,0,0,"KGS",,
"555","SPAEQU",0,0,0,0,0,1,0,,,
"910","SURFTE",0,1,0,0,0,0,0,"NM",,
"732","PRESS",0,1,0,0,0,0,0,"PA",,
"708","VOLTAG",2,1,0,0,0,0,0,"V",,
"412","ENERGY",2,1,0,0,0,0,0,"J",,
"732","PROPOR",0,0,0,0,0,0,10,,,
"555","SPARAD",0,0,0,0,0,0,0,"BQK",,
"506","MASS",0,1,0,0,0,0,0,"KG",,
"203","VISKIN",2,0,0,0,0,0,0,"M2S",,
"708","VOLUME",3,0,0,0,0,0,0,"M3",,
"600","SURFTE",0,1,0,0,0,0,0,,,
"732","RESIST",2,1,0,0,0,0,0,"OHM",,
"555","SPEED",1,0,0,0,0,0,0,"M/S",,
"412","FORCE",1,1,0,0,0,0,0,"N",,
"708","VPROPO",0,0,0,0,0,0,12,,,
"732","ROUNDS",1,0,1,0,0,0,0,,,
"506","MASSBD",0,1,0,0,0,0,0,,,
"709","AAAADL",0,0,0,0,0,0,0,,"X","X"
"910","SURINV",0,0,0,0,0,0,0,"M2I",,
"203","VOLFLO",3,0,0,0,0,0,0,"M3S",,
"555","SPENER",2,0,0,0,0,0,0,,,
"732","SPAEQU",0,0,0,0,0,1,0,,,
"600","SURINV",0,0,0,0,0,0,0,"M2I",,
"709","ACCEL",1,0,0,0,0,0,0,"MS2",,
"412","FREQU",0,0,0,0,0,0,0,"HZ",,
"910","TEMP",0,0,0,0,1,0,0,"K",,
"506","MOENER",2,1,0,0,0,1,0,,,
"555","STEXKZ",0,1,0,0,0,0,0,,,
"732","SPARAD",0,0,0,0,0,0,0,,,
"709","CAPACI",0,0,4,2,0,0,0,,,
"910","TEMPRT",0,0,0,0,1,0,0,"KMS",,
"203","VOLTAG",2,1,0,0,0,0,0,"V",,
"412","HYDROL",3,0,0,0,0,0,0,,,
"506","MOLMAS",0,1,0,0,0,0,0,,,
"600","TEMP",0,0,0,0,1,0,0,"K",,
"555","SURCNT",0,0,0,0,0,0,0,"BM2",,
"910","THCOND",1,1,0,0,0,0,0,"WMK","X",
"709","CONDUC",0,0,3,2,0,0,0,"D10",,
"732","SPEED",1,0,0,0,0,0,0,"M/S",,
"203","VOLUME",3,0,0,0,0,0,0,"M3",,
"555","SURFAC",2,0,0,0,0,0,0,"M2",,
"732","SPENER",2,0,0,0,0,0,0,,,
"600","TEMPRT",0,0,0,0,1,0,0,,,
"709","DENSI",0,1,0,0,0,0,0,"KGV",,
"412","LENGTH",1,0,0,0,0,0,0,"M",,
"910","TIME",0,0,1,0,0,0,0,"S",,
"506","MOLQU",0,0,0,0,0,1,0,"MOL",,
"203","VPROPO",0,0,0,0,0,0,12,"KMK",,
"555","SURFTE",0,1,0,0,0,0,0,,,
"709","ECURR",0,0,0,1,0,0,0,"A",,
"215","MOENER",2,1,0,0,0,1,0,"JMO",,
"732","STEXKZ",0,1,0,0,0,0,0,,,
"910","TKONZ",0,0,0,0,0,0,0,"TM3",,
"600","TIME",0,0,1,0,0,0,0,"S",,
"555","SURINV",0,0,0,0,0,0,0,"M2I",,
"709","ENERGY",2,1,0,0,0,0,0,"J",,
"412","LIGHT",0,0,0,0,0,0,1,"CD",,
"910","VISDYN",0,1,0,0,0,0,0,"PAS",,
"204","AAAADL",0,0,0,0,0,0,0,,,
"555","TEMP",0,0,0,0,1,0,0,"K",,
"506","MPROPO",0,0,0,0,0,0,11,,,
"732","SURFAC",2,0,0,0,0,0,0,"M2",,
"709","FORCE",1,1,0,0,0,0,0,"N",,
"600","TKONZ",0,0,0,0,0,0,0,,,
"215","MOLMAS",0,1,0,0,0,0,0,"KGM",,
"555","TEMPRT",0,0,0,0,1,0,0,,,
"412","MAGNFD",0,1,0,0,0,0,0,,,
"709","FREQU",0,0,0,0,0,0,0,"HZ",,
"910","VISKIN",2,0,0,0,0,0,0,"M2S",,
"732","SURFTE",0,1,0,0,0,0,0,,,
"555","TIME",0,0,1,0,0,0,0,"S",,
"506","POINTS",0,0,0,0,0,0,9,"P",,
"910","VOLFLO",3,0,0,0,0,0,0,"M3S",,
"204","ACBAC",0,0,0,0,0,1,0,"C36",,
"709","HYDROL",3,0,0,0,0,0,0,,,
"412","MASFLO",0,1,0,0,0,0,0,"KGS",,
"215","MOLQU",0,0,0,0,0,1,0,"MOL",,
"555","TKONZ",0,0,0,0,0,0,0,,,
"600","VISDYN",0,1,0,0,0,0,0,"PAS",,
"732","SURINV",0,0,0,0,0,0,0,"M2I",,
"709","LENGTH",1,0,0,0,0,0,0,"M",,
"555","VISDYN",0,1,0,0,0,0,0,"PAS",,
"506","POWER",2,1,0,0,0,0,0,"W",,
"910","VOLTAG",2,1,0,0,0,0,0,"V",,
"412","MASS",0,1,0,0,0,0,0,"KG",,
"204","ACCEL",1,0,0,0,0,0,0,"MS2",,
"732","TEMP",0,0,0,0,1,0,0,"K",,
"600","VISKIN",2,0,0,0,0,0,0,"M2S",,
"709","LIGHT",0,0,0,0,0,0,1,"CD",,
"555","VISKIN",2,0,0,0,0,0,0,"M2S",,
"215","MPROPO",0,0,0,0,0,0,11,"KGK",,
"910","VOLUME",3,0,0,0,0,0,0,"M3",,
"204","CAPACI",0,0,4,2,0,0,0,"F",,
"506","PRESS",0,1,0,0,0,0,0,"PA",,
"412","MASSBD",0,1,0,0,0,0,0,,,
"709","MAGNFD",0,1,0,0,0,0,0,,,
"555","VOLFLO",3,0,0,0,0,0,0,"M3S",,
"732","TEMPRT",0,0,0,0,1,0,0,,,
"910","VPROPO",0,0,0,0,0,0,12,"KMK",,
"600","VOLFLO",3,0,0,0,0,0,0,"M3S",,
"215","POINTS",0,0,0,0,0,0,9,"P",,
"204","CONDUC",0,0,3,2,0,0,0,"D10",,
"709","MAPER",0,0,2,0,0,0,0,"kgj",,
"555","VOLTAG",2,1,0,0,0,0,0,"V",,
"506","PROPOR",0,0,0,0,0,0,10,,,
"940","AAAADL",0,0,0,0,0,0,0,,,
"412","MOENER",2,1,0,0,0,1,0,,,
"732","TIME",0,0,1,0,0,0,0,"S",,
"600","VOLTAG",2,1,0,0,0,0,0,"V",,
"215","POWER",2,1,0,0,0,0,0,"W",,
"204","DENSI",0,1,0,0,0,0,0,"KGV",,
"555","VOLUME",3,0,0,0,0,0,0,"M3",,
"709","MASFLO",0,1,0,0,0,0,0,"KGS",,
"940","ACBAC",0,0,0,0,0,1,0,"C36",,
"506","RESIST",2,1,0,0,0,0,0,"OHM",,
"412","MOLMAS",0,1,0,0,0,0,0,,,
"555","VPROPO",0,0,0,0,0,0,12,,,
"600","VOLUME",3,0,0,0,0,0,0,"M3",,
"940","ACCEL",1,0,0,0,0,0,0,"MS2",,
"709","MASS",0,1,0,0,0,0,0,"KG",,
"732","TKONZ",0,0,0,0,0,0,0,,,
"204","ECURR",0,0,0,1,0,0,0,"A",,
"215","PRESS",0,1,0,0,0,0,0,"PA",,
"506","ROUNDS",1,0,1,0,0,0,0,,,
"557","AAAADL",0,0,0,0,0,0,0,,"X","X"
"709","MASSBD",0,1,0,0,0,0,0,,,
"940","CAPACI",0,0,4,2,0,0,0,"F",,
"412","MOLQU",0,0,0,0,0,1,0,"MOL",,
"557","ACCEL",1,0,0,0,0,0,0,"MS2",,
"215","PROPOR",0,0,0,0,0,0,10,"1",,
"204","ENERGY",2,1,0,0,0,0,0,"J",,
"600","VPROPO",0,0,0,0,0,0,12,,,
"709","MOENER",2,1,0,0,0,1,0,,,
"940","CONDUC",0,0,3,2,0,0,0,"D10",,
"557","CAPACI",0,0,4,2,0,0,0,,,
"732","VISDYN",0,1,0,0,0,0,0,"PAS",,
"506","SDL",0,0,0,0,0,0,22,,,"X"
"709","MOLMAS",0,1,0,0,0,0,0,,,
"412","MPROPO",0,0,0,0,0,0,11,,,
"557","CONDUC",0,0,3,2,0,0,0,"D10",,
"506","SPAEQU",0,0,0,0,0,1,0,,,
"215","RESIST",2,1,0,0,0,0,0,"OHM",,
"732","VISKIN",2,0,0,0,0,0,0,"M2S",,
"601","AAAADL",0,0,0,0,0,0,0,,"X","X"
"709","MOLQU",0,0,0,0,0,1,0,"MOL",,
"204","EVARA",0,1,0,0,0,0,0,,,
"940","DENSI",0,1,0,0,0,0,0,"KGV",,
"557","DENSI",0,1,0,0,0,0,0,"KGV",,
"412","POINTS",0,0,0,0,0,0,9,,,
"940","ECURR",0,0,0,1,0,0,0,"A",,
"709","MPROPO",0,0,0,0,0,0,11,,,
"215","SPAEQU",0,0,0,0,0,1,0,"MOK",,
"506","SPARAD",0,0,0,0,0,0,0,,,
"601","ACCEL",1,0,0,0,0,0,0,"MS2",,
"204","FORCE",1,1,0,0,0,0,0,"N",,
"557","ECURR",0,0,0,1,0,0,0,"A",,
"709","POINTS",0,0,0,0,0,0,9,"P",,
"732","VOLFLO",3,0,0,0,0,0,0,"M3S",,
"940","ENERGY",2,1,0,0,0,0,0,"J",,
"412","POWER",2,1,0,0,0,0,0,"W",,
"215","SPARAD",0,0,0,0,0,0,0,"BQK",,
"506","SPEED",1,0,0,0,0,0,0,"M/S",,
"204","FREQU",0,0,0,0,0,0,0,"HZ",,
"557","ENERGY",2,1,0,0,0,0,0,"J",,
"709","POWER",2,1,0,0,0,0,0,"W",,
"412","PRESS",0,1,0,0,0,0,0,"PA",,
"601","CAPACI",0,0,4,2,0,0,0,,,
"940","EVARA",0,1,0,0,0,0,0,,,
"557","FORCE",1,1,0,0,0,0,0,"N",,
"732","VOLTAG",2,1,0,0,0,0,0,"V",,
"215","SPEED",1,0,0,0,0,0,0,"M/S",,
"506","SPENER",2,0,0,0,0,0,0,,,
"204","HYDROL",3,0,0,0,0,0,0,"LMS",,
"940","FORCE",1,1,0,0,0,0,0,"N",,
"709","PRESS",0,1,0,0,0,0,0,"PA",,
"557","FREQU",0,0,0,0,0,0,0,"HZ",,
"412","PROPOR",0,0,0,0,0,0,10,,,
"732","VOLUME",3,0,0,0,0,0,0,"M3",,
"709","PROPOR",0,0,0,0,0,0,10,,,
"940","FREQU",0,0,0,0,0,0,0,"HZ",,
"557","HYDROL",3,0,0,0,0,0,0,,,
"506","STEXKZ",0,1,0,0,0,0,0,,,
"204","LENGTH",1,0,0,0,0,0,0,"M",,
"601","CONDUC",0,0,3,2,0,0,0,"D10",,
"215","SPENER",2,0,0,0,0,0,0,"JKG",,
"940","HYDROL",3,0,0,0,0,0,0,"LMS",,
"412","RESIST",2,1,0,0,0,0,0,"OHM",,
"557","LENGTH",1,0,0,0,0,0,0,"M",,
"709","RESIST",2,1,0,0,0,0,0,"OHM",,
"732","VPROPO",0,0,0,0,0,0,12,,,
"506","SURFAC",2,0,0,0,0,0,0,"M2",,
"940","LENGTH",1,0,0,0,0,0,0,"M",,
"204","LIGHT",0,0,0,0,0,0,1,"CD",,
"412","ROUNDS",1,0,1,0,0,0,0,,,
"709","ROUNDS",1,0,1,0,0,0,0,,,
"557","LIGHT",0,0,0,0,0,0,1,"CD",,
"506","SURFTE",0,1,0,0,0,0,0,,,
"760","AAAADL",0,0,0,0,0,0,0,,,
"601","DENSI",0,1,0,0,0,0,0,"KGV",,
"204","MAGNFD",0,1,0,0,0,0,0,"TES",,
"940","LIGHT",0,0,0,0,0,0,1,"CD",,
"412","SPAEQU",0,0,0,0,0,1,0,,,
"709","SDL",0,0,0,0,0,0,22,,,"X"
"557","MAGNFD",0,1,0,0,0,0,0,,,
"557","MAPER",0,0,2,0,0,0,0,"kgj",,
"412","SPARAD",0,0,0,0,0,0,0,,,
"940","MAGNFD",0,1,0,0,0,0,0,"TES",,
"204","MAPER",0,0,2,0,0,0,0,"kgj",,
"760","ACBAC",0,0,0,0,0,1,0,"C36",,
"506","SURINV",0,0,0,0,0,0,0,"M2I",,
"601","ECURR",0,0,0,1,0,0,0,"A",,
"709","SPAEQU",0,0,0,0,0,1,0,,,
"557","MASFLO",0,1,0,0,0,0,0,"KGS",,
"412","SPEED",1,0,0,0,0,0,0,"M/S",,
"557","MASS",0,1,0,0,0,0,0,"KG",,
"940","MAPER",0,0,2,0,0,0,0,"kgj",,
"709","SPARAD",0,0,0,0,0,0,0,,,
"506","TEMP",0,0,0,0,1,0,0,"K",,
"760","ACCEL",1,0,0,0,0,0,0,"MS2",,
"204","MASFLO",0,1,0,0,0,0,0,"KGS",,
"412","SPENER",2,0,0,0,0,0,0,,,
"557","MASSBD",0,1,0,0,0,0,0,,,
"709","SPEED",1,0,0,0,0,0,0,"M/S",,
"601","ENERGY",2,1,0,0,0,0,0,"J",,
"412","STEXKZ",0,1,0,0,0,0,0,,,
"940","MASFLO",0,1,0,0,0,0,0,"KGS",,
"557","MOENER",2,1,0,0,0,1,0,,,
"506","TEMPRT",0,0,0,0,1,0,0,,,
"709","SPENER",2,0,0,0,0,0,0,,,
"760","CAPACI",0,0,4,2,0,0,0,"F",,
"204","MASS",0,1,0,0,0,0,0,"KG",,
"940","MASS",0,1,0,0,0,0,0,"KG",,
"557","MOLMAS",0,1,0,0,0,0,0,,,
"412","SURFAC",2,0,0,0,0,0,0,"M2",,
"709","STEXKZ",0,1,0,0,0,0,0,,,
"601","FORCE",1,1,0,0,0,0,0,"N",,
"760","CONDUC",0,0,3,2,0,0,0,"D10",,
"940","MASSBD",0,1,0,0,0,0,0,"KGF",,
"506","TIME",0,0,1,0,0,0,0,"S",,
"204","MASSBD",0,1,0,0,0,0,0,"KGF",,
"557","MOLQU",0,0,0,0,0,1,0,"MOL",,
"709","SURFAC",2,0,0,0,0,0,0,"M2",,
"412","SURFTE",0,1,0,0,0,0,0,,,
"215","STEXKZ",0,1,0,0,0,0,0,"MPZ",,
"940","MOENER",2,1,0,0,0,1,0,"JMO",,
"557","MPROPO",0,0,0,0,0,0,11,,,
"709","SURFTE",0,1,0,0,0,0,0,,,
"601","FREQU",0,0,0,0,0,0,0,"HZ",,
"760","DENSI",0,1,0,0,0,0,0,"KGV",,
"204","MOENER",2,1,0,0,0,1,0,"JMO",,
"506","TKONZ",0,0,0,0,0,0,0,,,
"557","POINTS",0,0,0,0,0,0,9,"P",,
"412","SURINV",0,0,0,0,0,0,0,"M2I",,
"940","MOLMAS",0,1,0,0,0,0,0,"KGM",,
"709","SURINV",0,0,0,0,0,0,0,"M2I",,
"557","POWER",2,1,0,0,0,0,0,"W",,
"215","SURFAC",2,0,0,0,0,0,0,"M2",,
"709","TEMP",0,0,0,0,1,0,0,"K",,
"412","TEMP",0,0,0,0,1,0,0,"K",,
"601","HYDROL",3,0,0,0,0,0,0,,,
"760","ECURR",0,0,0,1,0,0,0,"A",,
"940","MOLQU",0,0,0,0,0,1,0,"MOL",,
"557","PRESS",0,1,0,0,0,0,0,"PA",,
"204","MOLMAS",0,1,0,0,0,0,0,"KGM",,
"506","VISDYN",0,1,0,0,0,0,0,"PAS",,
"709","TEMPRT",0,0,0,0,1,0,0,,,
"412","TEMPRT",0,0,0,0,1,0,0,,,
"215","SURFTE",0,1,0,0,0,0,0,"NM",,
"557","PROPOR",0,0,0,0,0,0,10,,,
"760","ENERGY",2,1,0,0,0,0,0,"J",,
"709","TIME",0,0,1,0,0,0,0,"S",,
"940","MPROPO",0,0,0,0,0,0,11,"KGK",,
"601","LENGTH",1,0,0,0,0,0,0,"M",,
"412","TIME",0,0,1,0,0,0,0,"S",,
"557","RESIST",2,1,0,0,0,0,0,"OHM",,
"204","MOLQU",0,0,0,0,0,1,0,"MOL",,
"709","TKONZ",0,0,0,0,0,0,0,,,
"940","PERMEA",0,1,0,0,0,0,10,"PMR",,
"215","SURINV",0,0,0,0,0,0,0,"M2I",,
"506","VISKIN",2,0,0,0,0,0,0,"M2S",,
"557","ROUNDS",1,0,1,0,0,0,0,,,
"412","TKONZ",0,0,0,0,0,0,0,,,
"760","EVARA",0,1,0,0,0,0,0,,,
"601","LIGHT",0,0,0,0,0,0,1,"CD",,
"940","POINTS",0,0,0,0,0,0,9,"P",,
"204","MPROPO",0,0,0,0,0,0,11,"KGK",,
"709","VISDYN",0,1,0,0,0,0,0,"PAS",,
"412","VISDYN",0,1,0,0,0,0,0,"PAS",,
"557","SDL",0,0,0,0,0,0,22,,,"X"
"506","VOLFLO",3,0,0,0,0,0,0,"M3S",,
"215","TEMP",0,0,0,0,1,0,0,"K",,
"760","FORCE",1,1,0,0,0,0,0,"N",,
"940","POWER",2,1,0,0,0,0,0,"W",,
"709","VISKIN",2,0,0,0,0,0,0,"M2S",,
"557","SPAEQU",0,0,0,0,0,1,0,,,
"204","PERMEA",0,1,0,0,0,0,10,"PMR",,
"412","VISKIN",2,0,0,0,0,0,0,"M2S",,
"709","VOLFLO",3,0,0,0,0,0,0,"M3S",,
"760","FREQU",0,0,0,0,0,0,0,"HZ",,
"940","PRESS",0,1,0,0,0,0,0,"PA",,
"215","TEMPRT",0,0,0,0,1,0,0,"KMS",,
"506","VOLTAG",2,1,0,0,0,0,0,"V",,
"601","MAGNFD",0,1,0,0,0,0,0,,,
"204","POINTS",0,0,0,0,0,0,9,"P",,
"709","VOLTAG",2,1,0,0,0,0,0,"V",,
"557","SPARAD",0,0,0,0,0,0,0,,,
"412","VOLFLO",3,0,0,0,0,0,0,"M3S",,
"760","HYDROL",3,0,0,0,0,0,0,"LMS",,
"940","PROPOR",0,0,0,0,0,0,10,"1",,
"709","VOLUME",3,0,0,0,0,0,0,"M3",,
"412","VOLTAG",2,1,0,0,0,0,0,"V",,
"204","POWER",2,1,0,0,0,0,0,"W",,
"557","SPEED",1,0,0,0,0,0,0,"M/S",,
"760","LENGTH",1,0,0,0,0,0,0,"M",,
"940","RESIST",2,1,0,0,0,0,0,"OHM",,
"215","TIME",0,0,1,0,0,0,0,"S",,
"506","VOLUME",3,0,0,0,0,0,0,"M3",,
"709","VPROPO",0,0,0,0,0,0,12,,,
"412","VOLUME",3,0,0,0,0,0,0,"M3",,
"557","SPENER",2,0,0,0,0,0,0,,,
"601","MAPER",0,0,2,0,0,0,0,"kgj",,
"940","SPAEQU",0,0,0,0,0,1,0,"MOK",,
"204","PRESS",0,1,0,0,0,0,0,"PA",,
"710","AAAADL",0,0,0,0,0,0,0,,,
"760","LIGHT",0,0,0,0,0,0,1,"CD",,
"412","VPROPO",0,0,0,0,0,0,12,,,
"215","TKONZ",0,0,0,0,0,0,0,"TM3",,
"940","SPARAD",0,0,0,0,0,0,0,"BQK",,
"557","STEXKZ",0,1,0,0,0,0,0,,,
"506","VPROPO",0,0,0,0,0,0,12,,,
"204","PROPOR",0,0,0,0,0,0,10,"1",,
"601","MASFLO",0,1,0,0,0,0,0,"KGS",,
"710","ACBAC",0,0,0,0,0,1,0,"C36",,
"760","MAGNFD",0,1,0,0,0,0,0,"TES",,
"940","SPEED",1,0,0,0,0,0,0,"M/S",,
"215","VISDYN",0,1,0,0,0,0,0,"PAS",,
"500","AAAADL",0,0,0,0,0,0,0,,,
"557","SURFAC",2,0,0,0,0,0,0,"M2",,
"710","ACCEL",1,0,0,0,0,0,0,"MS2",,
"508","AAAADL",0,0,0,0,0,0,0,,,
"204","RESIST",2,1,0,0,0,0,0,"OHM",,
"760","MAPER",0,0,2,0,0,0,0,"kgj",,
"557","SURFTE",0,1,0,0,0,0,0,,,
"940","SPENER",2,0,0,0,0,0,0,"JKG",,
"601","MASS",0,1,0,0,0,0,0,"KG",,
"215","VISKIN",2,0,0,0,0,0,0,"M2S",,
"710","CAPACI",0,0,4,2,0,0,0,"F",,
"760","MASFLO",0,1,0,0,0,0,0,"KGS",,
"500","ACCEL",1,0,0,0,0,0,0,"MS2",,
"508","ACBAC",0,0,0,0,0,1,0,"C36",,
"940","SPHCAP",2,0,0,0,0,0,0,"JKK","X",
"204","SPAEQU",0,0,0,0,0,1,0,"MOK",,
"557","SURINV",0,0,0,0,0,0,0,"M2I",,
"710","CONDUC",0,0,3,2,0,0,0,"D10",,
"601","MASSBD",0,1,0,0,0,0,0,,,
"500","ADSURF",4,0,0,0,0,0,0,"SMM",,
"215","VOLFLO",3,0,0,0,0,0,0,"M3S",,
"940","SPREST",3,1,0,0,0,0,0,"OM",,
"710","DENSI",0,1,0,0,0,0,0,"KGV",,
"760","MASS",0,1,0,0,0,0,0,"KG",,
"508","ACCEL",1,0,0,0,0,0,0,"MS2",,
"557","TEMP",0,0,0,0,1,0,0,"K",,
"204","SPARAD",0,0,0,0,0,0,0,"BQK",,
"710","ECURR",0,0,0,1,0,0,0,"A",,
"940","STEXKZ",0,1,0,0,0,0,0,"MPZ",,
"500","CAPACI",0,0,4,2,0,0,0,,,
"760","MASSBD",0,1,0,0,0,0,0,"KGF",,
"215","VOLTAG",2,1,0,0,0,0,0,"V",,
"557","TEMPRT",0,0,0,0,1,0,0,,,
"710","ENERGY",2,1,0,0,0,0,0,"J",,
"601","MOENER",2,1,0,0,0,1,0,,,
"500","DENSI",0,1,0,0,0,0,0,"KGV",,
"940","SURFAC",2,0,0,0,0,0,0,"M2",,
"204","SPEED",1,0,0,0,0,0,0,"M/S",,
"508","CAPACI",0,0,4,2,0,0,0,"F",,
"710","EVARA",0,1,0,0,0,0,0,,,
"760","MOENER",2,1,0,0,0,1,0,"JMO",,
"557","TIME",0,0,1,0,0,0,0,"S",,
"215","VOLUME",3,0,0,0,0,0,0,"M3",,
"940","SURFTE",0,1,0,0,0,0,0,"NM",,
"500","ECURR",0,0,0,1,0,0,0,"A",,
"710","FORCE",1,1,0,0,0,0,0,"N",,
"557","TKONZ",0,0,0,0,0,0,0,,,
"204","SPENER",2,0,0,0,0,0,0,"JKG",,
"508","CONDUC",0,0,3,2,0,0,0,"D10",,
"601","MOLMAS",0,1,0,0,0,0,0,,,
"500","ENERGY",2,1,0,0,0,0,0,"J",,
"940","SURINV",0,0,0,0,0,0,0,"M2I",,
"710","FREQU",0,0,0,0,0,0,0,"HZ",,
"557","VISDYN",0,1,0,0,0,0,0,"PAS",,
"760","MOLMAS",0,1,0,0,0,0,0,"KGM",,
"204","SPHCAP",2,0,0,0,0,0,0,"JKK","X",
"215","VPROPO",0,0,0,0,0,0,12,"KMK",,
"508","DENSI",0,1,0,0,0,0,0,"KGV",,
"710","HYDROL",3,0,0,0,0,0,0,"LMS",,
"601","MOLQU",0,0,0,0,0,1,0,"MOL",,
"940","TEMP",0,0,0,0,1,0,0,"K",,
"557","VISKIN",2,0,0,0,0,0,0,"M2S",,
"760","MOLQU",0,0,0,0,0,1,0,"MOL",,
"710","LENGTH",1,0,0,0,0,0,0,"M",,
"940","TEMPRT",0,0,0,0,1,0,0,"KMS",,
"300","AAAADL",0,0,0,0,0,0,0,,,
"710","LIGHT",0,0,0,0,0,0,1,"CD",,
"760","MPROPO",0,0,0,0,0,0,11,"KGK",,
"500","FORCE",1,1,0,0,0,0,0,"N",,
"508","ECURR",0,0,0,1,0,0,0,"A",,
"204","SPREST",3,1,0,0,0,0,0,"OM",,
"601","MPROPO",0,0,0,0,0,0,11,,,
"557","VOLFLO",3,0,0,0,0,0,0,"M3S",,
"710","MAGNFD",0,1,0,0,0,0,0,"TES",,
"940","THCOND",1,1,0,0,0,0,0,"WMK","X",
"557","VOLTAG",2,1,0,0,0,0,0,"V",,
"710","MASFLO",0,1,0,0,0,0,0,"KGS",,
"508","ENERGY",2,1,0,0,0,0,0,"J",,
"300","ACBAC",0,0,0,0,0,1,0,"C36",,
"500","FREQU",0,0,0,0,0,0,0,"HZ",,
"940","TIME",0,0,1,0,0,0,0,"S",,
"204","STEXKZ",0,1,0,0,0,0,0,"MPZ",,
"760","POINTS",0,0,0,0,0,0,9,"P",,
"601","POINTS",0,0,0,0,0,0,9,"P",,
"710","MASS",0,1,0,0,0,0,0,"KG",,
"557","VOLUME",3,0,0,0,0,0,0,"M3",,
"940","TKONZ",0,0,0,0,0,0,0,"TM3",,
"710","MASSBD",0,1,0,0,0,0,0,"KGF",,
"508","EVARA",0,1,0,0,0,0,0,,,
"760","POWER",2,1,0,0,0,0,0,"W",,
"557","VPROPO",0,0,0,0,0,0,12,,,
"204","SURFAC",2,0,0,0,0,0,0,"M2",,
"710","MOENER",2,1,0,0,0,1,0,"JMO",,
"940","VISDYN",0,1,0,0,0,0,0,"PAS",,
"500","HYDROL",3,0,0,0,0,0,0,,,
"601","POWER",2,1,0,0,0,0,0,"W",,
"300","ACCEL",1,0,0,0,0,0,0,"MS2",,
"760","PRESS",0,1,0,0,0,0,0,"PA",,
"508","FORCE",1,1,0,0,0,0,0,"N",,
"710","MOLMAS",0,1,0,0,0,0,0,"KGM",,
"940","VISKIN",2,0,0,0,0,0,0,"M2S",,
"558","AAAADL",0,0,0,0,0,0,0,,"X","X"
"500","LENGTH",1,0,0,0,0,0,0,"M",,
"601","PRESS",0,1,0,0,0,0,0,"PA",,
"710","MOLQU",0,0,0,0,0,1,0,"MOL",,
"558","ACCEL",1,0,0,0,0,0,0,"MS2",,
"940","VOLFLO",3,0,0,0,0,0,0,"M3S",,
"204","SURFTE",0,1,0,0,0,0,0,"NM",,
"300","CAPACI",0,0,4,2,0,0,0,"F",,
"508","FREQU",0,0,0,0,0,0,0,"HZ",,
"760","PROPOR",0,0,0,0,0,0,10,"1",,
"710","MPROPO",0,0,0,0,0,0,11,"KGK",,
"500","LIGHT",0,0,0,0,0,0,1,"CD",,
"558","CAPACI",0,0,4,2,0,0,0,,,
"940","VOLTAG",2,1,0,0,0,0,0,"V",,
"710","PERMEA",0,1,0,0,0,0,10,"PMR",,
"601","PROPOR",0,0,0,0,0,0,10,,,
"204","SURINV",0,0,0,0,0,0,0,"M2I",,
"760","RESIST",2,1,0,0,0,0,0,"OHM",,
"508","HYDROL",3,0,0,0,0,0,0,"LMS",,
"558","CONDUC",0,0,3,2,0,0,0,"D10",,
"940","VOLUME",3,0,0,0,0,0,0,"M3",,
"710","POINTS",0,0,0,0,0,0,9,"P",,
"500","MAGNFD",0,1,0,0,0,0,0,,,
"300","CONDUC",0,0,3,2,0,0,0,"D10",,
"204","TEMP",0,0,0,0,1,0,0,"K",,
"558","DENSI",0,1,0,0,0,0,0,"KGV",,
"710","POWER",2,1,0,0,0,0,0,"W",,
"940","VPROPO",0,0,0,0,0,0,12,"KMK",,
"601","RESIST",2,1,0,0,0,0,0,"OHM",,
"760","SPAEQU",0,0,0,0,0,1,0,"MOK",,
"508","LENGTH",1,0,0,0,0,0,0,"M",,
"500","MAPER",0,0,2,0,0,0,0,"kgj",,
"710","PRESS",0,1,0,0,0,0,0,"PA",,
"300","DENSI",0,1,0,0,0,0,0,"KGV",,
"558","ECURR",0,0,0,1,0,0,0,"A",,
"204","TEMPRT",0,0,0,0,1,0,0,"KMS",,
"950","AAAADL",0,0,0,0,0,0,0,,,
"710","PROPOR",0,0,0,0,0,0,10,"1",,
"601","ROUNDS",1,0,1,0,0,0,0,,,
"760","SPARAD",0,0,0,0,0,0,0,"BQK",,
"950","ACBAC",0,0,0,0,0,1,0,"C36",,
"500","MASFLO",0,1,0,0,0,0,0,"KGS",,
"508","LIGHT",0,0,0,0,0,0,1,"CD",,
"710","RESIST",2,1,0,0,0,0,0,"OHM",,
"300","ECURR",0,0,0,1,0,0,0,"A",,
"558","ENERGY",2,1,0,0,0,0,0,"J",,
"601","SDL",0,0,0,0,0,0,22,,,"X"
"950","ACCEL",1,0,0,0,0,0,0,"MS2",,
"204","THCOND",1,1,0,0,0,0,0,"WMK","X",
"760","SPEED",1,0,0,0,0,0,0,"M/S",,
"710","SPAEQU",0,0,0,0,0,1,0,"MOK",,
"508","MAGNFD",0,1,0,0,0,0,0,"TES",,
"500","MASS",0,1,0,0,0,0,0,"KG",,
"710","SPARAD",0,0,0,0,0,0,0,"BQK",,
"950","CAPACI",0,0,4,2,0,0,0,"F",,
"601","SPAEQU",0,0,0,0,0,1,0,,,
"204","TIME",0,0,1,0,0,0,0,"S",,
"760","SPENER",2,0,0,0,0,0,0,"JKG",,
"710","SPEED",1,0,0,0,0,0,0,"M/S",,
"950","CONDUC",0,0,3,2,0,0,0,"D10",,
"500","MASSBD",0,1,0,0,0,0,0,"OF2",,
"601","SPARAD",0,0,0,0,0,0,0,,,
"710","SPENER",2,0,0,0,0,0,0,"JKG",,
"508","MASFLO",0,1,0,0,0,0,0,"KGS",,
"204","TKONZ",0,0,0,0,0,0,0,"TM3",,
"558","FORCE",1,1,0,0,0,0,0,"N",,
"950","DENSI",0,1,0,0,0,0,0,"KGV",,
"760","SPHCAP",2,0,0,0,0,0,0,"JKK","X",
"710","SPHCAP",2,0,0,0,0,0,0,"JKK","X",
"500","MOENER",2,1,0,0,0,1,0,,,
"950","ECURR",0,0,0,1,0,0,0,"A",,
"601","SPEED",1,0,0,0,0,0,0,"M/S",,
"710","SPREST",3,1,0,0,0,0,0,"OM",,
"204","VISDYN",0,1,0,0,0,0,0,"PAS",,
"508","MASS",0,1,0,0,0,0,0,"KG",,
"760","SPREST",3,1,0,0,0,0,0,"OM",,
"558","FREQU",0,0,0,0,0,0,0,"HZ",,
"950","ENERGY",2,1,0,0,0,0,0,"J",,
"300","ENERGY",2,1,0,0,0,0,0,"J",,
"710","STEXKZ",0,1,0,0,0,0,0,"MPZ",,
"500","MOLMAS",0,1,0,0,0,0,0,,,
"601","SPENER",2,0,0,0,0,0,0,,,
"950","EVARA",0,1,0,0,0,0,0,,,
"760","STEXKZ",0,1,0,0,0,0,0,"MPZ",,
"204","VISKIN",2,0,0,0,0,0,0,"M2S",,
"508","MASSBD",0,1,0,0,0,0,0,"KGF",,
"710","SURFAC",2,0,0,0,0,0,0,"M2",,
"558","HYDROL",3,0,0,0,0,0,0,,,
"950","FORCE",1,1,0,0,0,0,0,"N",,
"601","STEXKZ",0,1,0,0,0,0,0,,,
"500","MOLQU",0,0,0,0,0,1,0,"MOL",,
"760","SURFAC",2,0,0,0,0,0,0,"M2",,
"710","SURFTE",0,1,0,0,0,0,0,"NM",,
"300","EVARA",0,1,0,0,0,0,0,,,
"204","VOLFLO",3,0,0,0,0,0,0,"M3S",,
"508","MOENER",2,1,0,0,0,1,0,"JMO",,
"950","FREQU",0,0,0,0,0,0,0,"HZ",,
"558","LENGTH",1,0,0,0,0,0,0,"M",,
"601","SURFAC",2,0,0,0,0,0,0,"M2",,
"760","SURFTE",0,1,0,0,0,0,0,"NM",,
"710","SURINV",0,0,0,0,0,0,0,"M2I",,
"500","MPROPO",0,0,0,0,0,0,11,,,
"950","HYDROL",3,0,0,0,0,0,0,"LMS",,
"710","TEMP",0,0,0,0,1,0,0,"K",,
"300","FORCE",1,1,0,0,0,0,0,"N",,
"508","MOLMAS",0,1,0,0,0,0,0,"KGM",,
"204","VOLTAG",2,1,0,0,0,0,0,"V",,
"500","PASTRK",1,1,1,1,1,1,1,,,
"950","LENGTH",1,0,0,0,0,0,0,"M",,
"601","SURFTE",0,1,0,0,0,0,0,,,
"760","SURINV",0,0,0,0,0,0,0,"M2I",,
"558","LIGHT",0,0,0,0,0,0,1,"CD",,
"710","TEMPRT",0,0,0,0,1,0,0,"KMS",,
"950","LIGHT",0,0,0,0,0,0,1,"CD",,
"300","FREQU",0,0,0,0,0,0,0,"HZ",,
"710","THCOND",1,1,0,0,0,0,0,"WMK","X",
"500","POINTS",0,0,0,0,0,0,9,"P",,
"601","SURINV",0,0,0,0,0,0,0,"M2I",,
"558","MAGNFD",0,1,0,0,0,0,0,,,
"508","MOLQU",0,0,0,0,0,1,0,"MOL",,
"760","TEMP",0,0,0,0,1,0,0,"K",,
"204","VOLUME",3,0,0,0,0,0,0,"M3",,
"950","MAGNFD",0,1,0,0,0,0,0,"TES",,
"710","TIME",0,0,1,0,0,0,0,"S",,
"300","HYDROL",3,0,0,0,0,0,0,"LMS",,
"710","TKONZ",0,0,0,0,0,0,0,"TM3",,
"950","MASFLO",0,1,0,0,0,0,0,"KGS",,
"601","TEMP",0,0,0,0,1,0,0,"K",,
"204","VPROPO",0,0,0,0,0,0,12,"KMK",,
"500","POWER",2,1,0,0,0,0,0,"W",,
"710","VISDYN",0,1,0,0,0,0,0,"PAS",,
"508","MPROPO",0,0,0,0,0,0,11,"KGK",,
"558","MAPER",0,0,2,0,0,0,0,"kgj",,
"760","TEMPRT",0,0,0,0,1,0,0,"KMS",,
"300","LENGTH",1,0,0,0,0,0,0,"M",,
"950","MASS",0,1,0,0,0,0,0,"KG",,
"710","VISKIN",2,0,0,0,0,0,0,"M2S",,
"205","AAAADL",0,0,0,0,0,0,0,,,
"601","TEMPRT",0,0,0,0,1,0,0,,,
"950","MASSBD",0,1,0,0,0,0,0,"KGF",,
"710","VOLFLO",3,0,0,0,0,0,0,"M3S",,
"500","PRESS",0,1,0,0,0,0,0,"PA",,
"760","THCOND",1,1,0,0,0,0,0,"WMK","X",
"508","POINTS",0,0,0,0,0,0,9,"P",,
"300","LIGHT",0,0,0,0,0,0,1,"CD",,
"950","MOENER",2,1,0,0,0,1,0,"JMO",,
"205","ACBAC",0,0,0,0,0,1,0,"C36",,
"558","MASFLO",0,1,0,0,0,0,0,"KGS",,
"710","VOLTAG",2,1,0,0,0,0,0,"V",,
"601","TIME",0,0,1,0,0,0,0,"S",,
"950","MOLMAS",0,1,0,0,0,0,0,"KGM",,
"760","TIME",0,0,1,0,0,0,0,"S",,
"710","VOLUME",3,0,0,0,0,0,0,"M3",,
"500","PROPOR",0,0,0,0,0,0,10,,,
"508","POWER",2,1,0,0,0,0,0,"W",,
"300","MAGNFD",0,1,0,0,0,0,0,"TES",,
"950","MOLQU",0,0,0,0,0,1,0,"MOL",,
"601","TKONZ",0,0,0,0,0,0,0,,,
"760","TKONZ",0,0,0,0,0,0,0,"TM3",,
"558","MASS",0,1,0,0,0,0,0,"KG",,
"710","VPROPO",0,0,0,0,0,0,12,"KMK",,
"205","ACCEL",1,0,0,0,0,0,0,"MS2",,
"950","MPROPO",0,0,0,0,0,0,11,"KGK",,
"508","PRESS",0,1,0,0,0,0,0,"PA",,
"500","RESIST",2,1,0,0,0,0,0,"OHM",,
"300","MAPER",0,0,2,0,0,0,0,"kgj",,
"950","PERMEA",0,1,0,0,0,0,10,"PMR",,
"715","AAAADL",0,0,0,0,0,0,0,,,
"558","MASSBD",0,1,0,0,0,0,0,,,
"760","VISDYN",0,1,0,0,0,0,0,"PAS",,
"205","CALVAL",2,0,2,0,0,0,0,,,
"601","VISDYN",0,1,0,0,0,0,0,"PAS",,
"950","POINTS",0,0,0,0,0,0,9,"P",,
"508","PROPOR",0,0,0,0,0,0,10,"1",,
"500","ROUNDS",1,0,1,0,0,0,0,,,
"300","MASFLO",0,1,0,0,0,0,0,"KGS",,
"558","MOENER",2,1,0,0,0,1,0,,,
"715","ACBAC",0,0,0,0,0,1,0,"C36",,
"760","VISKIN",2,0,0,0,0,0,0,"M2S",,
"950","POWER",2,1,0,0,0,0,0,"W",,
"500","SPAEQU",0,0,0,0,0,1,0,,,
"715","ACCEL",1,0,0,0,0,0,0,"MS2",,
"558","MOLMAS",0,1,0,0,0,0,0,,,
"950","PRESS",0,1,0,0,0,0,0,"PA",,
"601","VISKIN",2,0,0,0,0,0,0,"M2S",,
"500","SPARAD",0,0,0,0,0,0,0,,,
"300","MASS",0,1,0,0,0,0,0,"KG",,
"205","CAPACI",0,0,4,2,0,0,0,"F",,
"508","RESIST",2,1,0,0,0,0,0,"OHM",,
"760","VOLFLO",3,0,0,0,0,0,0,"M3S",,
"715","CAPACI",0,0,4,2,0,0,0,"F",,
"950","PROPOR",0,0,0,0,0,0,10,"1",,
"558","MOLQU",0,0,0,0,0,1,0,"MOL",,
"601","VOLFLO",3,0,0,0,0,0,0,"M3S",,
"715","CONDUC",0,0,3,2,0,0,0,"D10",,
"500","SPEED",1,0,0,0,0,0,0,"M/S",,
"300","MASSBD",0,1,0,0,0,0,0,"KGF",,
"205","CONDUC",0,0,3,2,0,0,0,"D10",,
"508","SPAEQU",0,0,0,0,0,1,0,"MOK",,
"760","VOLTAG",2,1,0,0,0,0,0,"V",,
"950","RESIST",2,1,0,0,0,0,0,"OHM",,
"715","DENSI",0,1,0,0,0,0,0,"KGV",,
"500","SPENER",2,0,0,0,0,0,0,,,
"558","MPROPO",0,0,0,0,0,0,11,,,
"715","ECURR",0,0,0,1,0,0,0,"A",,
"601","VOLTAG",2,1,0,0,0,0,0,"V",,
"205","DENSI",0,1,0,0,0,0,0,"KGV",,
"500","STEXKZ",0,1,0,0,0,0,0,,,
"950","SPAEQU",0,0,0,0,0,1,0,"MOK",,
"300","MOENER",2,1,0,0,0,1,0,"JMO",,
"558","POINTS",0,0,0,0,0,0,9,"P",,
"508","SPARAD",0,0,0,0,0,0,0,"BQK",,
"715","ENERGY",2,1,0,0,0,0,0,"J",,
"760","VOLUME",3,0,0,0,0,0,0,"M3",,
"950","SPARAD",0,0,0,0,0,0,0,"BQK",,
"500","SURFAC",2,0,0,0,0,0,0,"M2",,
"601","VOLUME",3,0,0,0,0,0,0,"M3",,
"715","EVARA",0,1,0,0,0,0,0,,,
"205","ECURR",0,0,0,1,0,0,0,"A",,
"558","POWER",2,1,0,0,0,0,0,"W",,
"300","MOLMAS",0,1,0,0,0,0,0,"KGM",,
"950","SPEED",1,0,0,0,0,0,0,"M/S",,
"500","SURFTE",0,1,0,0,0,0,0,,,
"715","FORCE",1,1,0,0,0,0,0,"N",,
"508","SPEED",1,0,0,0,0,0,0,"M/S",,
"760","VPROPO",0,0,0,0,0,0,12,"KMK",,
"558","PRESS",0,1,0,0,0,0,0,"PA",,
"601","VPROPO",0,0,0,0,0,0,12,,,
"205","ENERGY",2,1,0,0,0,0,0,"J",,
"715","FREQU",0,0,0,0,0,0,0,"HZ",,
"300","MOLQU",0,0,0,0,0,1,0,"MOL",,
"500","TEMP",0,0,0,0,1,0,0,"K",,
"950","SPENER",2,0,0,0,0,0,0,"JKG",,
"800","AAAADL",0,0,0,0,0,0,0,,,
"558","PROPOR",0,0,0,0,0,0,10,,,
"508","SPENER",2,0,0,0,0,0,0,"JKG",,
"715","HYDROL",3,0,0,0,0,0,0,"LMS",,
"606","AAAADL",0,0,0,0,0,0,0,,"X","X"
"205","FORCE",1,1,0,0,0,0,0,"N",,
"500","TEMPRT",0,0,0,0,1,0,0,,,
"950","SPHCAP",2,0,0,0,0,0,0,"JKK","X",
"715","LENGTH",1,0,0,0,0,0,0,"M",,
"300","MPROPO",0,0,0,0,0,0,11,"KGK",,
"800","ACBAC",0,0,0,0,0,1,0,"C36",,
"558","RESIST",2,1,0,0,0,0,0,"OHM",,
"500","TIME",0,0,1,0,0,0,0,"S",,
"950","SPREST",3,1,0,0,0,0,0,"OM",,
"508","SPHCAP",2,0,0,0,0,0,0,"JKK","X",
"606","ACCEL",1,0,0,0,0,0,0,"MS2",,
"205","FREQU",0,0,0,0,0,0,0,"HZ",,
"950","STEXKZ",0,1,0,0,0,0,0,"MPZ",,
"715","LIGHT",0,0,0,0,0,0,1,"CD",,
"300","POINTS",0,0,0,0,0,0,9,"P",,
"500","TKONZ",0,0,0,0,0,0,0,,,
"558","ROUNDS",1,0,1,0,0,0,0,,,
"800","ACCEL",1,0,0,0,0,0,0,"MS2",,
"606","CAPACI",0,0,4,2,0,0,0,,,
"950","SURFAC",2,0,0,0,0,0,0,"M2",,
"508","SPREST",3,1,0,0,0,0,0,"OM",,
"715","MAGNFD",0,1,0,0,0,0,0,"TES",,
"205","HYDROL",3,0,0,0,0,0,0,"LMS",,
"715","MASFLO",0,1,0,0,0,0,0,"KGS",,
"800","CAPACI",0,0,4,2,0,0,0,"F",,
"606","CONDUC",0,0,3,2,0,0,0,"D10",,
"500","VISDYN",0,1,0,0,0,0,0,"PAS",,
"715","MASS",0,1,0,0,0,0,0,"KG",,
"205","LENGTH",1,0,0,0,0,0,0,"M",,
"558","SDL",0,0,0,0,0,0,22,,,"X"
"300","POWER",2,1,0,0,0,0,0,"W",,
"508","STEXKZ",0,1,0,0,0,0,0,"MPZ",,
"950","SURFTE",0,1,0,0,0,0,0,"NM",,
"800","CONDUC",0,0,3,2,0,0,0,"D10",,
"606","DENSI",0,1,0,0,0,0,0,"KGV",,
"715","MASSBD",0,1,0,0,0,0,0,"KGF",,
"500","VISKIN",2,0,0,0,0,0,0,"M2S",,
"950","SURINV",0,0,0,0,0,0,0,"M2I",,
"558","SPAEQU",0,0,0,0,0,1,0,,,
"508","SURFAC",2,0,0,0,0,0,0,"M2",,
"205","LIGHT",0,0,0,0,0,0,1,"CD",,
"300","PRESS",0,1,0,0,0,0,0,"PA",,
"606","ECURR",0,0,0,1,0,0,0,"A",,
"800","DENSI",0,1,0,0,0,0,0,"KGV",,
"715","MOENER",2,1,0,0,0,1,0,"JMO",,
"950","TEMP",0,0,0,0,1,0,0,"K",,
"500","VOLFLO",3,0,0,0,0,0,0,"M3S",,
"558","SPARAD",0,0,0,0,0,0,0,,,
"508","SURFTE",0,1,0,0,0,0,0,"NM",,
"300","PROPOR",0,0,0,0,0,0,10,"1",,
"950","TEMPRT",0,0,0,0,1,0,0,"KMS",,
"715","MOLMAS",0,1,0,0,0,0,0,"KGM",,
"205","MAGNFD",0,1,0,0,0,0,0,"TES",,
"606","ENERGY",2,1,0,0,0,0,0,"J",,
"800","ECURR",0,0,0,1,0,0,0,"A",,
"508","SURINV",0,0,0,0,0,0,0,"M2I",,
"558","SPEED",1,0,0,0,0,0,0,"M/S",,
"500","VOLTAG",2,1,0,0,0,0,0,"V",,
"950","THCOND",1,1,0,0,0,0,0,"WMK","X",
"715","MOLQU",0,0,0,0,0,1,0,"MOL",,
"300","RESIST",2,1,0,0,0,0,0,"OHM",,
"205","MASFLO",0,1,0,0,0,0,0,"KGS",,
"606","FORCE",1,1,0,0,0,0,0,"N",,
"950","TIME",0,0,1,0,0,0,0,"S",,
"715","MPROPO",0,0,0,0,0,0,11,"KGK",,
"800","ENERGY",2,1,0,0,0,0,0,"J",,
"300","SPAEQU",0,0,0,0,0,1,0,"MOK",,
"508","TEMP",0,0,0,0,1,0,0,"K",,
"558","SPENER",2,0,0,0,0,0,0,,,
"205","MASS",0,1,0,0,0,0,0,"KG",,
"500","VOLUME",3,0,0,0,0,0,0,"M3",,
"715","PERMEA",0,1,0,0,0,0,10,"PMR",,
"950","TKONZ",0,0,0,0,0,0,0,"TM3",,
"606","FREQU",0,0,0,0,0,0,0,"HZ",,
"715","POINTS",0,0,0,0,0,0,9,"P",,
"500","VPROPO",0,0,0,0,0,0,12,,,
"950","VISDYN",0,1,0,0,0,0,0,"PAS",,
"558","STEXKZ",0,1,0,0,0,0,0,,,
"800","EVARA",0,1,0,0,0,0,0,,,
"300","SPARAD",0,0,0,0,0,0,0,"BQK",,
"205","MASSBD",0,1,0,0,0,0,0,"KGF",,
"715","POWER",2,1,0,0,0,0,0,"W",,
"606","HYDROL",3,0,0,0,0,0,0,,,
"508","TEMPRT",0,0,0,0,1,0,0,"KMS",,
"501","AAAADL",0,0,0,0,0,0,0,,,
"950","VISKIN",2,0,0,0,0,0,0,"M2S",,
"715","PRESS",0,1,0,0,0,0,0,"PA",,
"800","FORCE",1,1,0,0,0,0,0,"N",,
"558","SURFAC",2,0,0,0,0,0,0,"M2",,
"501","ACBAC",0,0,0,0,0,1,0,"C36",,
"508","THCOND",1,1,0,0,0,0,0,"WMK","X",
"300","SPEED",1,0,0,0,0,0,0,"M/S",,
"715","PROPOR",0,0,0,0,0,0,10,"1",,
"950","VOLFLO",3,0,0,0,0,0,0,"M3S",,
"205","MOENER",2,1,0,0,0,1,0,"JMO",,
"501","ACCEL",1,0,0,0,0,0,0,"MS2",,
"606","LENGTH",1,0,0,0,0,0,0,"M",,
"800","FREQU",0,0,0,0,0,0,0,"HZ",,
"558","SURFTE",0,1,0,0,0,0,0,,,
"715","RESIST",2,1,0,0,0,0,0,"OHM",,
"950","VOLTAG",2,1,0,0,0,0,0,"V",,
"501","CAPACI",0,0,4,2,0,0,0,"F",,
"300","SPENER",2,0,0,0,0,0,0,"JKG",,
"950","VOLUME",3,0,0,0,0,0,0,"M3",,
"715","SPAEQU",0,0,0,0,0,1,0,"MOK",,
"800","HYDROL",3,0,0,0,0,0,0,"LMS",,
"950","VPROPO",0,0,0,0,0,0,12,"KMK",,
"558","SURINV",0,0,0,0,0,0,0,"M2I",,
"715","SPARAD",0,0,0,0,0,0,0,"BQK",,
"606","LIGHT",0,0,0,0,0,0,1,"CD",,
"951","AAAADL",0,0,0,0,0,0,0,,,
"508","TIME",0,0,1,0,0,0,0,"S",,
"558","TEMP",0,0,0,0,1,0,0,"K",,
"715","SPEED",1,0,0,0,0,0,0,"M/S",,
"501","CONDUC",0,0,3,2,0,0,0,"D10",,
"951","ACBAC",0,0,0,0,0,1,0,"C36",,
"800","LENGTH",1,0,0,0,0,0,0,"M",,
"300","SPHCAP",2,0,0,0,0,0,0,"JKK","X",
"715","SPENER",2,0,0,0,0,0,0,"JKG",,
"558","TEMPRT",0,0,0,0,1,0,0,,,
"951","ACCEL",1,0,0,0,0,0,0,"MS2",,
"606","MAGNFD",0,1,0,0,0,0,0,,,
"508","TKONZ",0,0,0,0,0,0,0,"TM3",,
"300","SPREST",3,1,0,0,0,0,0,"OM",,
"501","DENSI",0,1,0,0,0,0,0,"KGV",,
"800","LIGHT",0,0,0,0,0,0,1,"CD",,
"715","SPHCAP",2,0,0,0,0,0,0,"JKK","X",
"558","TIME",0,0,1,0,0,0,0,"S",,
"951","CAPACI",0,0,4,2,0,0,0,"F",,
"205","MOLMAS",0,1,0,0,0,0,0,"KGM",,
"606","MAPER",0,0,2,0,0,0,0,"kgj",,
"508","VISDYN",0,1,0,0,0,0,0,"PAS",,
"715","SPREST",3,1,0,0,0,0,0,"OM",,
"300","STEXKZ",0,1,0,0,0,0,0,"MPZ",,
"951","CONDUC",0,0,3,2,0,0,0,"D10",,
"558","TKONZ",0,0,0,0,0,0,0,,,
"501","ECURR",0,0,0,1,0,0,0,"A",,
"715","STEXKZ",0,1,0,0,0,0,0,"MPZ",,
"800","MAGNFD",0,1,0,0,0,0,0,"TES",,
"606","MASFLO",0,1,0,0,0,0,0,"KGS",,
"951","DENSI",0,1,0,0,0,0,0,"KGV",,
"558","VISDYN",0,1,0,0,0,0,0,"PAS",,
"508","VISKIN",2,0,0,0,0,0,0,"M2S",,
"715","SURFAC",2,0,0,0,0,0,0,"M2",,
"205","MOLQU",0,0,0,0,0,1,0,"MOL",,
"300","SURFAC",2,0,0,0,0,0,0,"M2",,
"501","ENERGY",2,1,0,0,0,0,0,"J",,
"800","MAPER",0,0,2,0,0,0,0,"kgj",,
"606","MASS",0,1,0,0,0,0,0,"KG",,
"715","SURFTE",0,1,0,0,0,0,0,"NM",,
"951","ECURR",0,0,0,1,0,0,0,"A",,
"558","VISKIN",2,0,0,0,0,0,0,"M2S",,
"508","VOLFLO",3,0,0,0,0,0,0,"M3S",,
"205","MPROPO",0,0,0,0,0,0,11,"KGK",,
"715","SURINV",0,0,0,0,0,0,0,"M2I",,
"558","VOLFLO",3,0,0,0,0,0,0,"M3S",,
"951","ENERGY",2,1,0,0,0,0,0,"J",,
"501","EVARA",0,1,0,0,0,0,0,,,
"300","SURFTE",0,1,0,0,0,0,0,"NM",,
"800","MASFLO",0,1,0,0,0,0,0,"KGS",,
"715","TEMP",0,0,0,0,1,0,0,"K",,
"606","MASSBD",0,1,0,0,0,0,0,,,
"558","VOLTAG",2,1,0,0,0,0,0,"V",,
"951","EVARA",0,1,0,0,0,0,0,,,
"508","VOLTAG",2,1,0,0,0,0,0,"V",,
"501","FORCE",1,1,0,0,0,0,0,"N",,
"715","TEMPRT",0,0,0,0,1,0,0,"KMS",,
"205","POINTS",0,0,0,0,0,0,9,"P",,
"800","MASS",0,1,0,0,0,0,0,"KG",,
"951","FORCE",1,1,0,0,0,0,0,"N",,
"558","VOLUME",3,0,0,0,0,0,0,"M3",,
"606","MOENER",2,1,0,0,0,1,0,,,
"715","THCOND",1,1,0,0,0,0,0,"WMK","X",
"501","FREQU",0,0,0,0,0,0,0,"HZ",,
"300","SURINV",0,0,0,0,0,0,0,"M2I",,
"508","VOLUME",3,0,0,0,0,0,0,"M3",,
"800","MASSBD",0,1,0,0,0,0,0,"KGF",,
"951","FREQU",0,0,0,0,0,0,0,"HZ",,
"205","POWER",2,1,0,0,0,0,0,"W",,
"715","TIME",0,0,1,0,0,0,0,"S",,
"558","VPROPO",0,0,0,0,0,0,12,,,
"501","HYDROL",3,0,0,0,0,0,0,"LMS",,
"951","HYDROL",3,0,0,0,0,0,0,"LMS",,
"606","MOLMAS",0,1,0,0,0,0,0,,,
"715","TKONZ",0,0,0,0,0,0,0,"TM3",,
"800","MOENER",2,1,0,0,0,1,0,"JMO",,
"501","LENGTH",1,0,0,0,0,0,0,"M",,
"508","VPROPO",0,0,0,0,0,0,12,"KMK",,
"560","AAAADL",0,0,0,0,0,0,0,,"X","X"
"715","VISDYN",0,1,0,0,0,0,0,"PAS",,
"951","LENGTH",1,0,0,0,0,0,0,"M",,
"205","PRESS",0,1,0,0,0,0,0,"PA",,
"606","MOLQU",0,0,0,0,0,1,0,"MOL",,
"501","LIGHT",0,0,0,0,0,0,1,"CD",,
"715","VISKIN",2,0,0,0,0,0,0,"M2S",,
"560","ACCEL",1,0,0,0,0,0,0,"MS2",,
"951","LIGHT",0,0,0,0,0,0,1,"CD",,
"509","AAAADL",0,0,0,0,0,0,0,,"X","X"
"606","MPROPO",0,0,0,0,0,0,11,,,
"501","MAGNFD",0,1,0,0,0,0,0,"TES",,
"205","PROPOR",0,0,0,0,0,0,10,"1",,
"800","MOLMAS",0,1,0,0,0,0,0,"KGM",,
"715","VOLFLO",3,0,0,0,0,0,0,"M3S",,
"951","MAGNFD",0,1,0,0,0,0,0,"TES",,
"560","CAPACI",0,0,4,2,0,0,0,,,
"501","MAPER",0,0,2,0,0,0,0,"kgj",,
"715","VOLTAG",2,1,0,0,0,0,0,"V",,
"509","ACCEL",1,0,0,0,0,0,0,"MS2",,
"606","POINTS",0,0,0,0,0,0,9,"P",,
"205","RESIST",2,1,0,0,0,0,0,"OHM",,
"800","MOLQU",0,0,0,0,0,1,0,"MOL",,
"501","MASFLO",0,1,0,0,0,0,0,"KGS",,
"715","VOLUME",3,0,0,0,0,0,0,"M3",,
"560","CONDUC",0,0,3,2,0,0,0,"D10",,
"951","MAPER",0,0,2,0,0,0,0,"kgj",,
"509","CAPACI",0,0,4,2,0,0,0,,,
"715","VPROPO",0,0,0,0,0,0,12,"KMK",,
"501","MASS",0,1,0,0,0,0,0,"KG",,
"606","POWER",2,1,0,0,0,0,0,"W",,
"951","MASFLO",0,1,0,0,0,0,0,"KGS",,
"205","SPAEQU",0,0,0,0,0,1,0,"MOK",,
"800","MPROPO",0,0,0,0,0,0,11,"KGK",,
"560","DENSI",0,1,0,0,0,0,0,"KGV",,
"501","MASSBD",0,1,0,0,0,0,0,"KGF",,
"720","AAAADL",0,0,0,0,0,0,0,,,
"509","DENSI",0,1,0,0,0,0,0,"KGV",,
"951","MASS",0,1,0,0,0,0,0,"KG",,
"720","ACBAC",0,0,0,0,0,1,0,"C36",,
"501","MOENER",2,1,0,0,0,1,0,"JMO",,
"560","ECURR",0,0,0,1,0,0,0,"A",,
"205","SPARAD",0,0,0,0,0,0,0,"BQK",,
"606","PRESS",0,1,0,0,0,0,0,"PA",,
"720","ACCEL",1,0,0,0,0,0,0,"MS2",,
"951","MASSBD",0,1,0,0,0,0,0,"KGF",,
"560","ENERGY",2,1,0,0,0,0,0,"J",,
"509","ECURR",0,0,0,1,0,0,0,"A",,
"501","MOLMAS",0,1,0,0,0,0,0,"KGM",,
"800","PERMEA",0,1,0,0,0,0,10,"PMR",,
"720","CAPACI",0,0,4,2,0,0,0,"F",,
"205","SPEED",1,0,0,0,0,0,0,"M/S",,
"560","FORCE",1,1,0,0,0,0,0,"N",,
"951","MOENER",2,1,0,0,0,1,0,"JMO",,
"501","MOLQU",0,0,0,0,0,1,0,"MOL",,
"606","PROPOR",0,0,0,0,0,0,10,,,
"560","FREQU",0,0,0,0,0,0,0,"HZ",,
"509","ENERGY",2,1,0,0,0,0,0,"J",,
"720","CONDUC",0,0,3,2,0,0,0,"D10",,
"205","SPENER",2,0,0,0,0,0,0,"JKG",,
"800","POINTS",0,0,0,0,0,0,9,"P",,
"501","MPROPO",0,0,0,0,0,0,11,"KGK",,
"951","MOLMAS",0,1,0,0,0,0,0,"KGM",,
"560","HYDROL",3,0,0,0,0,0,0,,,
"720","DENSI",0,1,0,0,0,0,0,"KGV",,
"606","RESIST",2,1,0,0,0,0,0,"OHM",,
"800","POWER",2,1,0,0,0,0,0,"W",,
"509","FORCE",1,1,0,0,0,0,0,"N",,
"501","PERMEA",0,1,0,0,0,0,10,"PMR",,
"205","STEXKZ",0,1,0,0,0,0,0,"MPZ",,
"720","ECURR",0,0,0,1,0,0,0,"A",,
"951","MOLQU",0,0,0,0,0,1,0,"MOL",,
"560","LENGTH",1,0,0,0,0,0,0,"M",,
"800","PRESS",0,1,0,0,0,0,0,"PA",,
"951","MPROPO",0,0,0,0,0,0,11,"KGK",,
"606","ROUNDS",1,0,1,0,0,0,0,,,
"501","POINTS",0,0,0,0,0,0,9,"P",,
"560","LIGHT",0,0,0,0,0,0,1,"CD",,
"720","ENERGY",2,1,0,0,0,0,0,"J",,
"205","SURFAC",2,0,0,0,0,0,0,"M2",,
"509","FREQU",0,0,0,0,0,0,0,"HZ",,
"951","PERMEA",0,1,0,0,0,0,10,"PMR",,
"720","EVARA",0,1,0,0,0,0,0,,,
"501","POWER",2,1,0,0,0,0,0,"W",,
"800","PROPOR",0,0,0,0,0,0,10,"1",,
"560","MAGNFD",0,1,0,0,0,0,0,,,
"720","FORCE",1,1,0,0,0,0,0,"N",,
"606","SDL",0,0,0,0,0,0,22,,,"X"
"951","POINTS",0,0,0,0,0,0,9,"P",,
"205","SURFTE",0,1,0,0,0,0,0,"NM",,
"501","PRESS",0,1,0,0,0,0,0,"PA",,
"720","FREQU",0,0,0,0,0,0,0,"HZ",,
"560","MASFLO",0,1,0,0,0,0,0,"KGS",,
"509","HYDROL",3,0,0,0,0,0,0,,,
"951","POWER",2,1,0,0,0,0,0,"W",,
"800","RESIST",2,1,0,0,0,0,0,"OHM",,
"501","PROPOR",0,0,0,0,0,0,10,"1",,
"720","HYDROL",3,0,0,0,0,0,0,"LMS",,
"560","MASS",0,1,0,0,0,0,0,"KG",,
"606","SPAEQU",0,0,0,0,0,1,0,,,
"951","PRESS",0,1,0,0,0,0,0,"PA",,
"501","RESIST",2,1,0,0,0,0,0,"OHM",,
"509","LENGTH",1,0,0,0,0,0,0,"M",,
"720","LENGTH",1,0,0,0,0,0,0,"M",,
"560","MASSBD",0,1,0,0,0,0,0,,,
"800","SPAEQU",0,0,0,0,0,1,0,"MOK",,
"951","PROPOR",0,0,0,0,0,0,10,"1",,
"501","SPAEQU",0,0,0,0,0,1,0,"MOK",,
"720","LIGHT",0,0,0,0,0,0,1,"CD",,
"606","SPARAD",0,0,0,0,0,0,0,,,
"560","MOENER",2,1,0,0,0,1,0,,,
"509","LIGHT",0,0,0,0,0,0,1,"CD",,
"951","RESIST",2,1,0,0,0,0,0,"OHM",,
"501","SPARAD",0,0,0,0,0,0,0,"BQK",,
"720","MAGNFD",0,1,0,0,0,0,0,"TES",,
"560","MOLMAS",0,1,0,0,0,0,0,,,
"951","SPAEQU",0,0,0,0,0,1,0,"MOK",,
"800","SPARAD",0,0,0,0,0,0,0,"BQK",,
"501","SPEED",1,0,0,0,0,0,0,"M/S",,
"560","MOLQU",0,0,0,0,0,1,0,"MOL",,
"951","SPARAD",0,0,0,0,0,0,0,"BQK",,
"501","SPENER",2,0,0,0,0,0,0,"JKG",,
"720","MASFLO",0,1,0,0,0,0,0,"KGS",,
"606","SPEED",1,0,0,0,0,0,0,"M/S",,
"509","MAGNFD",0,1,0,0,0,0,0,,,
"560","MPROPO",0,0,0,0,0,0,11,,,
"800","SPEED",1,0,0,0,0,0,0,"M/S",,
"951","SPEED",1,0,0,0,0,0,0,"M/S",,
"501","SPHCAP",2,0,0,0,0,0,0,"JKK","X",
"720","MASS",0,1,0,0,0,0,0,"KG",,
"606","SPENER",2,0,0,0,0,0,0,,,
"509","MAPER",0,0,2,0,0,0,0,"kgj",,
"560","POINTS",0,0,0,0,0,0,9,"P",,
"951","SPENER",2,0,0,0,0,0,0,"JKG",,
"720","MASSBD",0,1,0,0,0,0,0,"KGF",,
"501","SPREST",3,1,0,0,0,0,0,"OM",,
"800","SPENER",2,0,0,0,0,0,0,"JKG",,
"205","SURINV",0,0,0,0,0,0,0,"M2I",,
"560","POWER",2,1,0,0,0,0,0,"W",,
"720","MOENER",2,1,0,0,0,1,0,"JMO",,
"951","SPHCAP",2,0,0,0,0,0,0,"JKK","X",
"509","MASFLO",0,1,0,0,0,0,0,"KGS",,
"606","STEXKZ",0,1,0,0,0,0,0,,,
"501","STEXKZ",0,1,0,0,0,0,0,"MPZ",,
"560","PRESS",0,1,0,0,0,0,0,"PA",,
"720","MOLMAS",0,1,0,0,0,0,0,"KGM",,
"800","SPHCAP",2,0,0,0,0,0,0,"JKK","X",
"205","TEMP",0,0,0,0,1,0,0,"K",,
"951","SPREST",3,1,0,0,0,0,0,"OM",,
"501","SURFAC",2,0,0,0,0,0,0,"M2",,
"720","MOLQU",0,0,0,0,0,1,0,"MOL",,
"560","PROPOR",0,0,0,0,0,0,10,,,
"606","SURFAC",2,0,0,0,0,0,0,"M2",,
"951","STEXKZ",0,1,0,0,0,0,0,"MPZ",,
"800","SPREST",3,1,0,0,0,0,0,"OM",,
"501","SURFTE",0,1,0,0,0,0,0,"NM",,
"720","MPROPO",0,0,0,0,0,0,11,"KGK",,
"509","MASS",0,1,0,0,0,0,0,"KG",,
"205","TEMPRT",0,0,0,0,1,0,0,"KMS",,
"560","RESIST",2,1,0,0,0,0,0,"OHM",,
"606","SURFTE",0,1,0,0,0,0,0,,,
"951","SURFAC",2,0,0,0,0,0,0,"M2",,
"501","SURINV",0,0,0,0,0,0,0,"M2I",,
"720","PERMEA",0,1,0,0,0,0,10,"PMR",,
"560","ROUNDS",1,0,1,0,0,0,0,,,
"800","STEXKZ",0,1,0,0,0,0,0,"MPZ",,
"509","MASSBD",0,1,0,0,0,0,0,,,
"606","SURINV",0,0,0,0,0,0,0,"M2I",,
"951","SURFTE",0,1,0,0,0,0,0,"NM",,
"720","POINTS",0,0,0,0,0,0,9,"P",,
"501","TEMP",0,0,0,0,1,0,0,"K",,
"560","SDL",0,0,0,0,0,0,22,,,"X"
"205","TIME",0,0,1,0,0,0,0,"S",,
"606","TEMP",0,0,0,0,1,0,0,"K",,
"951","SURINV",0,0,0,0,0,0,0,"M2I",,
"509","MOENER",2,1,0,0,0,1,0,,,
"800","SURFAC",2,0,0,0,0,0,0,"M2",,
"720","POWER",2,1,0,0,0,0,0,"W",,
"501","TEMPRT",0,0,0,0,1,0,0,"KMS",,
"606","TEMPRT",0,0,0,0,1,0,0,,,
"560","SPAEQU",0,0,0,0,0,1,0,,,
"951","TEMP",0,0,0,0,1,0,0,"K",,
"720","PRESS",0,1,0,0,0,0,0,"PA",,
"205","TKONZ",0,0,0,0,0,0,0,"TM3",,
"509","MOLMAS",0,1,0,0,0,0,0,,,
"800","SURFTE",0,1,0,0,0,0,0,"NM",,
"560","SPARAD",0,0,0,0,0,0,0,,,
"501","THCOND",1,1,0,0,0,0,0,"WMK","X",
"606","TIME",0,0,1,0,0,0,0,"S",,
"951","TEMPRT",0,0,0,0,1,0,0,"KMS",,
"720","PROPOR",0,0,0,0,0,0,10,"1",,
"205","VISDYN",0,1,0,0,0,0,0,"PAS",,
"509","MOLQU",0,0,0,0,0,1,0,"MOL",,
"560","SPEED",1,0,0,0,0,0,0,"M/S",,
"606","TKONZ",0,0,0,0,0,0,0,,,
"951","THCOND",1,1,0,0,0,0,0,"WMK","X",
"800","SURINV",0,0,0,0,0,0,0,"M2I",,
"501","TIME",0,0,1,0,0,0,0,"S",,
"560","SPENER",2,0,0,0,0,0,0,,,
"509","MPROPO",0,0,0,0,0,0,11,,,
"606","VISDYN",0,1,0,0,0,0,0,"PAS",,
"205","VISKIN",2,0,0,0,0,0,0,"M2S",,
"300","TEMP",0,0,0,0,1,0,0,"K",,
"951","TIME",0,0,1,0,0,0,0,"S",,
"501","TKONZ",0,0,0,0,0,0,0,"TM3",,
"560","STEXKZ",0,1,0,0,0,0,0,,,
"800","TEMP",0,0,0,0,1,0,0,"K",,
"606","VISKIN",2,0,0,0,0,0,0,"M2S",,
"509","POINTS",0,0,0,0,0,0,9,"P",,
"951","TKONZ",0,0,0,0,0,0,0,"TM3",,
"501","VISDYN",0,1,0,0,0,0,0,"PAS",,
"560","SURFAC",2,0,0,0,0,0,0,"M2",,
"205","VOLFLO",3,0,0,0,0,0,0,"M3S",,
"606","VOLFLO",3,0,0,0,0,0,0,"M3S",,
"800","TEMPRT",0,0,0,0,1,0,0,"KMS",,
"951","VISDYN",0,1,0,0,0,0,0,"PAS",,
"509","POWER",2,1,0,0,0,0,0,"W",,
"501","VISKIN",2,0,0,0,0,0,0,"M2S",,
"300","TEMPRT",0,0,0,0,1,0,0,"KMS",,
"560","SURFTE",0,1,0,0,0,0,0,,,
"606","VOLTAG",2,1,0,0,0,0,0,"V",,
"205","VOLTAG",2,1,0,0,0,0,0,"V",,
"951","VISKIN",2,0,0,0,0,0,0,"M2S",,
"501","VOLFLO",3,0,0,0,0,0,0,"M3S",,
"800","THCOND",1,1,0,0,0,0,0,"WMK","X",
"606","VOLUME",3,0,0,0,0,0,0,"M3",,
"560","SURINV",0,0,0,0,0,0,0,"M2I",,
"509","PRESS",0,1,0,0,0,0,0,"PA",,
"951","VOLFLO",3,0,0,0,0,0,0,"M3S",,
"606","VPROPO",0,0,0,0,0,0,12,,,
"205","VOLUME",3,0,0,0,0,0,0,"M3",,
"300","THCOND",1,1,0,0,0,0,0,"WMK","X",
"501","VOLTAG",2,1,0,0,0,0,0,"V",,
"509","PROPOR",0,0,0,0,0,0,10,,,
"800","TIME",0,0,1,0,0,0,0,"S",,
"560","TEMP",0,0,0,0,1,0,0,"K",,
"951","VOLTAG",2,1,0,0,0,0,0,"V",,
"608","AAAADL",0,0,0,0,0,0,0,,"X","X"
"501","VOLUME",3,0,0,0,0,0,0,"M3",,
"205","VPROPO",0,0,0,0,0,0,12,"KMK",,
"800","TKONZ",0,0,0,0,0,0,0,"TM3",,
"951","VOLUME",3,0,0,0,0,0,0,"M3",,
"608","ACCEL",1,0,0,0,0,0,0,"MS2",,
"560","TEMPRT",0,0,0,0,1,0,0,,,
"501","VPROPO",0,0,0,0,0,0,12,"KMK",,
"300","TIME",0,0,1,0,0,0,0,"S",,
"800","VISDYN",0,1,0,0,0,0,0,"PAS",,
"509","RESIST",2,1,0,0,0,0,0,"OHM",,
"213","AAAADL",0,0,0,0,0,0,0,,,
"951","VPROPO",0,0,0,0,0,0,12,"KMK",,
"608","CAPACI",0,0,4,2,0,0,0,,,
"503","AAAADL",0,0,0,0,0,0,0,,"X","X"
"800","VISKIN",2,0,0,0,0,0,0,"M2S",,
"560","TIME",0,0,1,0,0,0,0,"S",,
"300","TKONZ",0,0,0,0,0,0,0,"TM3",,
"608","CONDUC",0,0,3,2,0,0,0,"D10",,
"213","ACBAC",0,0,0,0,0,1,0,"C36",,
"509","ROUNDS",1,0,1,0,0,0,0,,,
"800","VOLFLO",3,0,0,0,0,0,0,"M3S",,
"503","ACCEL",1,0,0,0,0,0,0,"MS2",,
"608","DENSI",0,1,0,0,0,0,0,"KGV",,
"560","TKONZ",0,0,0,0,0,0,0,,,
"800","VOLTAG",2,1,0,0,0,0,0,"V",,
"503","CAPACI",0,0,4,2,0,0,0,,,
"213","ACCEL",1,0,0,0,0,0,0,"MS2",,
"608","ECURR",0,0,0,1,0,0,0,"A",,
"509","SPAEQU",0,0,0,0,0,1,0,,,
"300","VISDYN",0,1,0,0,0,0,0,"PAS",,
"800","VOLUME",3,0,0,0,0,0,0,"M3",,
"503","DENSI",0,1,0,0,0,0,0,"KGV",,
"560","VISDYN",0,1,0,0,0,0,0,"PAS",,
"608","ENERGY",2,1,0,0,0,0,0,"J",,
"213","CAPACI",0,0,4,2,0,0,0,"F",,
"800","VPROPO",0,0,0,0,0,0,12,"KMK",,
"503","ECURR",0,0,0,1,0,0,0,"A",,
"509","SPARAD",0,0,0,0,0,0,0,,,
"300","VISKIN",2,0,0,0,0,0,0,"M2S",,
"608","FORCE",1,1,0,0,0,0,0,"N",,
"213","CONDUC",0,0,3,2,0,0,0,"D10",,
"503","ENERGY",2,1,0,0,0,0,0,"J",,
"888","AAAADL",0,0,0,0,0,0,0,,"X","X"
"560","VISKIN",2,0,0,0,0,0,0,"M2S",,
"509","SPEED",1,0,0,0,0,0,0,"M/S",,
"503","FORCE",1,1,0,0,0,0,0,"N",,
"888","ACCEL",1,0,0,0,0,0,0,"MS2",,
"608","FREQU",0,0,0,0,0,0,0,"HZ",,
"213","DENSI",0,1,0,0,0,0,0,"KGV",,
"300","VOLFLO",3,0,0,0,0,0,0,"M3S",,
"560","VOLFLO",3,0,0,0,0,0,0,"M3S",,
"503","FREQU",0,0,0,0,0,0,0,"HZ",,
"509","SPENER",2,0,0,0,0,0,0,,,
"888","CAPACI",0,0,4,2,0,0,0,,,
"608","HYDROL",3,0,0,0,0,0,0,,,
"503","HYDROL",3,0,0,0,0,0,0,,,
"888","CONDUC",0,0,3,2,0,0,0,"D10",,
"560","VOLTAG",2,1,0,0,0,0,0,"V",,
"213","ECURR",0,0,0,1,0,0,0,"A",,
"300","VOLTAG",2,1,0,0,0,0,0,"V",,
"509","STEXKZ",0,1,0,0,0,0,0,,,
"503","LENGTH",1,0,0,0,0,0,0,"M",,
"608","LENGTH",1,0,0,0,0,0,0,"M",,
"888","DENSI",0,1,0,0,0,0,0,"KGV",,
"560","VOLUME",3,0,0,0,0,0,0,"M3",,
"888","ECURR",0,0,0,1,0,0,0,"A",,
"503","LIGHT",0,0,0,0,0,0,1,"CD",,
"213","ENERGY",2,1,0,0,0,0,0,"J",,
"608","LIGHT",0,0,0,0,0,0,1,"CD",,
"300","VOLUME",3,0,0,0,0,0,0,"M3",,
"888","ENERGY",2,1,0,0,0,0,0,"J",,
"509","SURFAC",2,0,0,0,0,0,0,"M2",,
"560","VPROPO",0,0,0,0,0,0,12,,,
"503","MAGNFD",0,1,0,0,0,0,0,,,
"888","FORCE",1,1,0,0,0,0,0,"N",,
"608","MAGNFD",0,1,0,0,0,0,0,,,
"213","EVARA",0,1,0,0,0,0,0,,,
"503","MAPER",0,0,2,0,0,0,0,"kgj",,
"888","FREQU",0,0,0,0,0,0,0,"HZ",,
"300","VPROPO",0,0,0,0,0,0,12,"KMK",,
"509","SURFTE",0,1,0,0,0,0,0,,,
"561","AAAADL",0,0,0,0,0,0,0,,"X","X"
"608","MAPER",0,0,2,0,0,0,0,"kgj",,
"503","MASFLO",0,1,0,0,0,0,0,"KGS",,
"888","HYDROL",3,0,0,0,0,0,0,,,
"213","FORCE",1,1,0,0,0,0,0,"N",,
"608","MASFLO",0,1,0,0,0,0,0,"KGS",,
"888","LENGTH",1,0,0,0,0,0,0,"M",,
"303","AAAADL",0,0,0,0,0,0,0,,"X","X"
"509","SURINV",0,0,0,0,0,0,0,"M2I",,
"503","MASS",0,1,0,0,0,0,0,"KG",,
"608","MASS",0,1,0,0,0,0,0,"KG",,
"213","FREQU",0,0,0,0,0,0,0,"HZ",,
"561","ACCEL",1,0,0,0,0,0,0,"MS2",,
"888","LIGHT",0,0,0,0,0,0,1,"CD",,
"608","MASSBD",0,1,0,0,0,0,0,,,
"503","MASSBD",0,1,0,0,0,0,0,,,
"888","MAGNFD",0,1,0,0,0,0,0,,,
"509","TEMP",0,0,0,0,1,0,0,"K",,
"303","ACCEL",1,0,0,0,0,0,0,"MS2",,
"608","MOENER",2,1,0,0,0,1,0,,,
"213","HYDROL",3,0,0,0,0,0,0,"LMS",,
"503","MOENER",2,1,0,0,0,1,0,,,
"561","CAPACI",0,0,4,2,0,0,0,,,
"888","MAPER",0,0,2,0,0,0,0,"kgj",,
"608","MOLMAS",0,1,0,0,0,0,0,,,
"509","TEMPRT",0,0,0,0,1,0,0,,,
"503","MOLMAS",0,1,0,0,0,0,0,,,
"561","CONDUC",0,0,3,2,0,0,0,"D10",,
"888","MASFLO",0,1,0,0,0,0,0,"KGS",,
"303","CAPACI",0,0,4,2,0,0,0,,,
"213","LENGTH",1,0,0,0,0,0,0,"M",,
"608","MOLQU",0,0,0,0,0,1,0,"MOL",,
"503","MOLQU",0,0,0,0,0,1,0,"MOL",,
"509","TIME",0,0,1,0,0,0,0,"S",,
"888","MASS",0,1,0,0,0,0,0,"KG",,
"561","DENSI",0,1,0,0,0,0,0,"KGV",,
"608","MPROPO",0,0,0,0,0,0,11,,,
"213","LIGHT",0,0,0,0,0,0,1,"CD",,
"503","MPROPO",0,0,0,0,0,0,11,,,
"888","MASSBD",0,1,0,0,0,0,0,,,
"303","CONDUC",0,0,3,2,0,0,0,"D10",,
"608","POINTS",0,0,0,0,0,0,9,"P",,
"509","TKONZ",0,0,0,0,0,0,0,,,
"503","POINTS",0,0,0,0,0,0,9,"P",,
"561","ECURR",0,0,0,1,0,0,0,"A",,
"888","MOENER",2,1,0,0,0,1,0,,,
"213","MAGNFD",0,1,0,0,0,0,0,"TES",,
"608","POWER",2,1,0,0,0,0,0,"W",,
"888","MOLMAS",0,1,0,0,0,0,0,,,
"509","VISDYN",0,1,0,0,0,0,0,"PAS",,
"561","ENERGY",2,1,0,0,0,0,0,"J",,
"303","DENSI",0,1,0,0,0,0,0,"KGV",,
"503","POWER",2,1,0,0,0,0,0,"W",,
"608","PRESS",0,1,0,0,0,0,0,"PA",,
"213","MAPER",0,0,2,0,0,0,0,"kgj",,
"888","MOLQU",0,0,0,0,0,1,0,"MOL",,
"509","VISKIN",2,0,0,0,0,0,0,"M2S",,
"608","PROPOR",0,0,0,0,0,0,10,,,
"888","MPROPO",0,0,0,0,0,0,11,,,
"303","ECURR",0,0,0,1,0,0,0,"A",,
"561","FORCE",1,1,0,0,0,0,0,"N",,
"503","PRESS",0,1,0,0,0,0,0,"PA",,
"213","MASFLO",0,1,0,0,0,0,0,"KGS",,
"608","RESIST",2,1,0,0,0,0,0,"OHM",,
"888","POINTS",0,0,0,0,0,0,9,"P",,
"509","VOLFLO",3,0,0,0,0,0,0,"M3S",,
"561","FREQU",0,0,0,0,0,0,0,"HZ",,
"213","MASS",0,1,0,0,0,0,0,"KG",,
"503","PROPOR",0,0,0,0,0,0,10,,,
"608","ROUNDS",1,0,1,0,0,0,0,,,
"888","POWER",2,1,0,0,0,0,0,"W",,
"303","ENERGY",2,1,0,0,0,0,0,"J",,
"509","VOLTAG",2,1,0,0,0,0,0,"V",,
"888","PRESS",0,1,0,0,0,0,0,"PA",,
"503","RESIST",2,1,0,0,0,0,0,"OHM",,
"608","SDL",0,0,0,0,0,0,22,,,"X"
"561","HYDROL",3,0,0,0,0,0,0,,,
"213","MASSBD",0,1,0,0,0,0,0,"KGF",,
"303","FORCE",1,1,0,0,0,0,0,"N",,
"509","VOLUME",3,0,0,0,0,0,0,"M3",,
"888","PROPOR",0,0,0,0,0,0,10,,,
"608","SPAEQU",0,0,0,0,0,1,0,,,
"503","ROUNDS",1,0,1,0,0,0,0,,,
"888","RESIST",2,1,0,0,0,0,0,"OHM",,
"509","VPROPO",0,0,0,0,0,0,12,,,
"608","SPARAD",0,0,0,0,0,0,0,,,
"213","MOENER",2,1,0,0,0,1,0,"JMO",,
"503","SDL",0,0,0,0,0,0,22,,,"X"
"888","ROUNDS",1,0,1,0,0,0,0,,,
"303","FREQU",0,0,0,0,0,0,0,"HZ",,
"608","SPEED",1,0,0,0,0,0,0,"M/S",,
"503","SPAEQU",0,0,0,0,0,1,0,,,
"888","SDL",0,0,0,0,0,0,22,,,"X"
"510","AAAADL",0,0,0,0,0,0,0,,"X","X"
"213","MOLMAS",0,1,0,0,0,0,0,"KGM",,
"608","SPENER",2,0,0,0,0,0,0,,,
"888","SPAEQU",0,0,0,0,0,1,0,,,
"561","LENGTH",1,0,0,0,0,0,0,"M",,
"503","SPARAD",0,0,0,0,0,0,0,,,
"303","HYDROL",3,0,0,0,0,0,0,,,
"510","ACCEL",1,0,0,0,0,0,0,"MS2",,
"608","STEXKZ",0,1,0,0,0,0,0,,,
"888","SPARAD",0,0,0,0,0,0,0,,,
"213","MOLQU",0,0,0,0,0,1,0,"MOL",,
"503","SPEED",1,0,0,0,0,0,0,"M/S",,
"561","LIGHT",0,0,0,0,0,0,1,"CD",,
"303","LENGTH",1,0,0,0,0,0,0,"M",,
"608","SURFAC",2,0,0,0,0,0,0,"M2",,
"888","SPEED",1,0,0,0,0,0,0,"M/S",,
"510","CAPACI",0,0,4,2,0,0,0,,,
"503","SPENER",2,0,0,0,0,0,0,,,
"608","SURFTE",0,1,0,0,0,0,0,,,
"561","MAGNFD",0,1,0,0,0,0,0,,,
"888","SPENER",2,0,0,0,0,0,0,,,
"303","LIGHT",0,0,0,0,0,0,1,"CD",,
"510","DENSI",0,1,0,0,0,0,0,"KGV",,
"503","STEXKZ",0,1,0,0,0,0,0,,,
"213","MPROPO",0,0,0,0,0,0,11,"KGK",,
"888","STEXKZ",0,1,0,0,0,0,0,,,
"561","MAPER",0,0,2,0,0,0,0,"kgj",,
"608","SURINV",0,0,0,0,0,0,0,"M2I",,
"503","SURFAC",2,0,0,0,0,0,0,"M2",,
"303","MAGNFD",0,1,0,0,0,0,0,,,
"888","SURFAC",2,0,0,0,0,0,0,"M2",,
"608","TEMP",0,0,0,0,1,0,0,"K",,
"561","MASFLO",0,1,0,0,0,0,0,"KGS",,
"503","SURFTE",0,1,0,0,0,0,0,,,
"510","ECURR",0,0,0,1,0,0,0,"A",,
"888","SURFTE",0,1,0,0,0,0,0,,,
"608","TEMPRT",0,0,0,0,1,0,0,,,
"213","PERMEA",0,1,0,0,0,0,10,"PMR",,
"303","MAPER",0,0,2,0,0,0,0,"kgj",,
"503","SURINV",0,0,0,0,0,0,0,"M2I",,
"561","MASS",0,1,0,0,0,0,0,"KG",,
"608","TIME",0,0,1,0,0,0,0,"S",,
"888","SURINV",0,0,0,0,0,0,0,"M2I",,
"510","ENERGY",2,1,0,0,0,0,0,"J",,
"503","TEMP",0,0,0,0,1,0,0,"K",,
"213","POINTS",0,0,0,0,0,0,9,"P",,
"561","MASSBD",0,1,0,0,0,0,0,,,
"888","TEMP",0,0,0,0,1,0,0,"K",,
"608","TKONZ",0,0,0,0,0,0,0,,,
"503","TEMPRT",0,0,0,0,1,0,0,,,
"510","FORCE",1,1,0,0,0,0,0,"N",,
"303","MASFLO",0,1,0,0,0,0,0,"KGS",,
"213","POWER",2,1,0,0,0,0,0,"W",,
"888","TEMPRT",0,0,0,0,1,0,0,,,
"561","MOENER",2,1,0,0,0,1,0,,,
"608","VISDYN",0,1,0,0,0,0,0,"PAS",,
"503","TIME",0,0,1,0,0,0,0,"S",,
"888","TIME",0,0,1,0,0,0,0,"S",,
"561","MOLMAS",0,1,0,0,0,0,0,,,
"510","FREQU",0,0,0,0,0,0,0,"HZ",,
"303","MASS",0,1,0,0,0,0,0,"KG",,
"213","PRESS",0,1,0,0,0,0,0,"PA",,
"608","VISKIN",2,0,0,0,0,0,0,"M2S",,
"503","TKONZ",0,0,0,0,0,0,0,,,
"888","TKONZ",0,0,0,0,0,0,0,,,
"561","MOLQU",0,0,0,0,0,1,0,"MOL",,
"510","HYDROL",3,0,0,0,0,0,0,,,
"608","VOLFLO",3,0,0,0,0,0,0,"M3S",,
"888","VISDYN",0,1,0,0,0,0,0,"PAS",,
"503","VISDYN",0,1,0,0,0,0,0,"PAS",,
"561","MPROPO",0,0,0,0,0,0,11,,,
"213","PROPOR",0,0,0,0,0,0,10,"1",,
"303","MASSBD",0,1,0,0,0,0,0,,,
"608","VOLTAG",2,1,0,0,0,0,0,"V",,
"888","VISKIN",2,0,0,0,0,0,0,"M2S",,
"510","LENGTH",1,0,0,0,0,0,0,"M",,
"503","VISKIN",2,0,0,0,0,0,0,"M2S",,
"561","POINTS",0,0,0,0,0,0,9,"P",,
"608","VOLUME",3,0,0,0,0,0,0,"M3",,
"888","VOLFLO",3,0,0,0,0,0,0,"M3S",,
"303","MOENER",2,1,0,0,0,1,0,,,
"608","VPROPO",0,0,0,0,0,0,12,,,
"213","RESIST",2,1,0,0,0,0,0,"OHM",,
"503","VOLFLO",3,0,0,0,0,0,0,"M3S",,
"561","POWER",2,1,0,0,0,0,0,"W",,
"888","VOLTAG",2,1,0,0,0,0,0,"V",,
"510","LIGHT",0,0,0,0,0,0,1,"CD",,
"666","AAAADL",0,0,0,0,0,0,0,,"X","X"
"888","VOLUME",3,0,0,0,0,0,0,"M3",,
"303","MOLMAS",0,1,0,0,0,0,0,,,
"503","VOLTAG",2,1,0,0,0,0,0,"V",,
"561","PRESS",0,1,0,0,0,0,0,"PA",,
"213","SPAEQU",0,0,0,0,0,1,0,"MOK",,
"666","ACCEL",1,0,0,0,0,0,0,"MS2",,
"888","VPROPO",0,0,0,0,0,0,12,,,
"510","MAGNFD",0,1,0,0,0,0,0,,,
"503","VOLUME",3,0,0,0,0,0,0,"M3",,
"561","PROPOR",0,0,0,0,0,0,10,,,
"303","MOLQU",0,0,0,0,0,1,0,"MOL",,
"666","CAPACI",0,0,4,2,0,0,0,,,
"900","AAAADL",0,0,0,0,0,0,0,,,
"561","RESIST",2,1,0,0,0,0,0,"OHM",,
"510","MAPER",0,0,2,0,0,0,0,"kgj",,
"666","CONDUC",0,0,3,2,0,0,0,"D10",,
"213","SPARAD",0,0,0,0,0,0,0,"BQK",,
"503","VPROPO",0,0,0,0,0,0,12,,,
"900","ACBAC",0,0,0,0,0,1,0,"C36",,
"303","MPROPO",0,0,0,0,0,0,11,,,
"561","ROUNDS",1,0,1,0,0,0,0,,,
"666","DENSI",0,1,0,0,0,0,0,"KGV",,
"900","ACCEL",1,0,0,0,0,0,0,"MS2",,
"510","MASFLO",0,1,0,0,0,0,0,"KGS",,
"504","AAAADL",0,0,0,0,0,0,0,,"X","X"
"561","SDL",0,0,0,0,0,0,22,,,"X"
"303","POINTS",0,0,0,0,0,0,9,"P",,
"900","CAPACI",0,0,4,2,0,0,0,"F",,
"666","ECURR",0,0,0,1,0,0,0,"A",,
"213","SPEED",1,0,0,0,0,0,0,"M/S",,
"504","ACCEL",1,0,0,0,0,0,0,"MS2",,
"561","SPAEQU",0,0,0,0,0,1,0,,,
"900","CONDUC",0,0,3,2,0,0,0,"D10",,
"510","MASS",0,1,0,0,0,0,0,"KG",,
"666","ENERGY",2,1,0,0,0,0,0,"J",,
"303","POWER",2,1,0,0,0,0,0,"W",,
"561","SPARAD",0,0,0,0,0,0,0,,,
"504","CAPACI",0,0,4,2,0,0,0,,,
"900","DENSI",0,1,0,0,0,0,0,"KGV",,
"666","FORCE",1,1,0,0,0,0,0,"N",,
"510","MASSBD",0,1,0,0,0,0,0,,,
"504","DENSI",0,1,0,0,0,0,0,"KGV",,
"900","ECURR",0,0,0,1,0,0,0,"A",,
"213","SPENER",2,0,0,0,0,0,0,"JKG",,
"561","SPEED",1,0,0,0,0,0,0,"M/S",,
"666","FREQU",0,0,0,0,0,0,0,"HZ",,
"510","MOENER",2,1,0,0,0,1,0,,,
"303","PRESS",0,1,0,0,0,0,0,"PA",,
"504","ECURR",0,0,0,1,0,0,0,"A",,
"900","ENERGY",2,1,0,0,0,0,0,"J",,
"561","SPENER",2,0,0,0,0,0,0,,,
"666","HYDROL",3,0,0,0,0,0,0,,,
"504","ENERGY",2,1,0,0,0,0,0,"J",,
"510","MOLMAS",0,1,0,0,0,0,0,,,
"213","SPHCAP",2,0,0,0,0,0,0,"JKK","X",
"900","EVARA",0,1,0,0,0,0,0,,,
"303","PROPOR",0,0,0,0,0,0,10,,,
"504","FORCE",1,1,0,0,0,0,0,"N",,
"666","LENGTH",1,0,0,0,0,0,0,"M",,
"561","STEXKZ",0,1,0,0,0,0,0,,,
"510","MOLQU",0,0,0,0,0,1,0,"MOL",,
"900","FORCE",1,1,0,0,0,0,0,"N",,
"561","SURFAC",2,0,0,0,0,0,0,"M2",,
"213","SPREST",3,1,0,0,0,0,0,"OM",,
"504","FREQU",0,0,0,0,0,0,0,"HZ",,
"666","LIGHT",0,0,0,0,0,0,1,"CD",,
"510","MPROPO",0,0,0,0,0,0,11,,,
"900","FREQU",0,0,0,0,0,0,0,"HZ",,
"504","HYDROL",3,0,0,0,0,0,0,,,
"303","RESIST",2,1,0,0,0,0,0,"OHM",,
"666","MAGNFD",0,1,0,0,0,0,0,,,
"561","SURFTE",0,1,0,0,0,0,0,,,
"213","STEXKZ",0,1,0,0,0,0,0,"MPZ",,
"510","POINTS",0,0,0,0,0,0,9,"P",,
"900","HYDROL",3,0,0,0,0,0,0,"LMS",,
"504","LENGTH",1,0,0,0,0,0,0,"M",,
"561","SURINV",0,0,0,0,0,0,0,"M2I",,
"666","MAPER",0,0,2,0,0,0,0,"kgj",,
"303","ROUNDS",1,0,1,0,0,0,0,,,
"213","SURFAC",2,0,0,0,0,0,0,"M2",,
"510","POWER",2,1,0,0,0,0,0,"W",,
"900","LENGTH",1,0,0,0,0,0,0,"M",,
"666","MASFLO",0,1,0,0,0,0,0,"KGS",,
"561","TEMP",0,0,0,0,1,0,0,"K",,
"504","LIGHT",0,0,0,0,0,0,1,"CD",,
"303","SDL",0,0,0,0,0,0,22,,,"X"
"900","LIGHT",0,0,0,0,0,0,1,"CD",,
"666","MASS",0,1,0,0,0,0,0,"KG",,
"504","MAGNFD",0,1,0,0,0,0,0,,,
"561","TEMPRT",0,0,0,0,1,0,0,,,
"213","SURFTE",0,1,0,0,0,0,0,"NM",,
"510","PRESS",0,1,0,0,0,0,0,"PA",,
"666","MASSBD",0,1,0,0,0,0,0,,,
"900","MAGNFD",0,1,0,0,0,0,0,"TES",,
"303","SPAEQU",0,0,0,0,0,1,0,,,
"504","MASFLO",0,1,0,0,0,0,0,"KGS",,
"561","TIME",0,0,1,0,0,0,0,"S",,
"666","MOENER",2,1,0,0,0,1,0,,,
"900","MAPER",0,0,2,0,0,0,0,"kgj",,
"213","SURINV",0,0,0,0,0,0,0,"M2I",,
"504","MASS",0,1,0,0,0,0,0,"KG",,
"303","SPARAD",0,0,0,0,0,0,0,,,
"666","MOLMAS",0,1,0,0,0,0,0,,,
"510","PROPOR",0,0,0,0,0,0,10,,,
"561","TKONZ",0,0,0,0,0,0,0,,,
"900","MASFLO",0,1,0,0,0,0,0,"KGS",,
"504","MASSBD",0,1,0,0,0,0,0,,,
"666","MOLQU",0,0,0,0,0,1,0,"MOL",,
"900","MASS",0,1,0,0,0,0,0,"KG",,
"561","VISDYN",0,1,0,0,0,0,0,"PAS",,
"510","RESIST",2,1,0,0,0,0,0,"OHM",,
"504","MOENER",2,1,0,0,0,1,0,,,
"000","AAAADL",0,0,0,0,0,0,0,,,
"213","TEMP",0,0,0,0,1,0,0,"K",,
"303","SPEED",1,0,0,0,0,0,0,"M/S",,
"900","MASSBD",0,1,0,0,0,0,0,"KGF",,
"561","VISKIN",2,0,0,0,0,0,0,"M2S",,
"666","MPROPO",0,0,0,0,0,0,11,,,
"504","MOLMAS",0,1,0,0,0,0,0,,,
"510","ROUNDS",1,0,1,0,0,0,0,,,
"900","MOENER",2,1,0,0,0,1,0,"JMO",,
"666","POINTS",0,0,0,0,0,0,9,"P",,
"504","MOLQU",0,0,0,0,0,1,0,"MOL",,
"213","TEMPRT",0,0,0,0,1,0,0,"KMS",,
"000","ACBAC",0,0,0,0,0,1,0,"C36",,
"510","SPAEQU",0,0,0,0,0,1,0,,,
"561","VOLFLO",3,0,0,0,0,0,0,"M3S",,
"303","SPENER",2,0,0,0,0,0,0,,,
"900","MOLMAS",0,1,0,0,0,0,0,"KGM",,
"666","POWER",2,1,0,0,0,0,0,"W",,
"504","MPROPO",0,0,0,0,0,0,11,,,
"213","THCOND",1,1,0,0,0,0,0,"WMK","X",
"504","POINTS",0,0,0,0,0,0,9,"P",,
"510","SPARAD",0,0,0,0,0,0,0,,,
"666","PRESS",0,1,0,0,0,0,0,"PA",,
"000","ACCEL",1,0,0,0,0,0,0,"MS2",,
"900","MOLQU",0,0,0,0,0,1,0,"MOL",,
"504","POWER",2,1,0,0,0,0,0,"W",,
"561","VOLTAG",2,1,0,0,0,0,0,"V",,
"213","TIME",0,0,1,0,0,0,0,"S",,
"303","STEXKZ",0,1,0,0,0,0,0,,,
"900","MPROPO",0,0,0,0,0,0,11,"KGK",,
"000","CAPACI",0,0,4,2,0,0,0,"F",,
"666","PROPOR",0,0,0,0,0,0,10,,,
"510","SPEED",1,0,0,0,0,0,0,"M/S",,
"504","PRESS",0,1,0,0,0,0,0,"PA",,
"213","TKONZ",0,0,0,0,0,0,0,"TM3",,
"900","POINTS",0,0,0,0,0,0,9,"P",,
"303","SURFAC",2,0,0,0,0,0,0,"M2",,
"561","VOLUME",3,0,0,0,0,0,0,"M3",,
"000","CONDUC",0,0,3,2,0,0,0,"D10",,
"666","RESIST",2,1,0,0,0,0,0,"OHM",,
"510","SPENER",2,0,0,0,0,0,0,,,
"504","PROPOR",0,0,0,0,0,0,10,,,
"900","POWER",2,1,0,0,0,0,0,"W",,
"213","VISDYN",0,1,0,0,0,0,0,"PAS",,
"666","ROUNDS",1,0,1,0,0,0,0,,,
"504","RESIST",2,1,0,0,0,0,0,"OHM",,
"561","VPROPO",0,0,0,0,0,0,12,,,
"303","SURFTE",0,1,0,0,0,0,0,,,
"510","STEXKZ",0,1,0,0,0,0,0,,,
"000","DENSI",0,1,0,0,0,0,0,"KGV",,
"900","PRESS",0,1,0,0,0,0,0,"PA",,
"666","SDL",0,0,0,0,0,0,22,,,"X"
"213","VISKIN",2,0,0,0,0,0,0,"M2S",,
"504","ROUNDS",1,0,1,0,0,0,0,,,
"000","ECURR",0,0,0,1,0,0,0,"A",,
"510","SURFAC",2,0,0,0,0,0,0,"M2",,
"600","AAAADL",0,0,0,0,0,0,0,,"X","X"
"900","PROPOR",0,0,0,0,0,0,10,"1",,
"666","SPAEQU",0,0,0,0,0,1,0,,,
"504","SDL",0,0,0,0,0,0,22,,,"X"
"303","SURINV",0,0,0,0,0,0,0,"M2I",,
"510","SURFTE",0,1,0,0,0,0,0,,,
"000","ENERGY",2,1,0,0,0,0,0,"J",,
"213","VOLFLO",3,0,0,0,0,0,0,"M3S",,
"504","SPAEQU",0,0,0,0,0,1,0,,,
"900","RESIST",2,1,0,0,0,0,0,"OHM",,
"600","ACCEL",1,0,0,0,0,0,0,"MS2",,
"666","SPARAD",0,0,0,0,0,0,0,,,
"303","TEMP",0,0,0,0,1,0,0,"K",,
"000","EVARA",0,1,0,0,0,0,0,,,
"510","SURINV",0,0,0,0,0,0,0,"M2I",,
"504","SPARAD",0,0,0,0,0,0,0,,,
"900","SPAEQU",0,0,0,0,0,1,0,"MOK",,
"666","SPEED",1,0,0,0,0,0,0,"M/S",,
"510","TEMP",0,0,0,0,1,0,0,"K",,
"000","FORCE",1,1,0,0,0,0,0,"N",,
"213","VOLTAG",2,1,0,0,0,0,0,"V",,
"900","SPARAD",0,0,0,0,0,0,0,"BQK",,
"510","TEMPRT",0,0,0,0,1,0,0,,,
"666","SPENER",2,0,0,0,0,0,0,,,
"000","FREQU",0,0,0,0,0,0,0,"HZ",,
"504","SPEED",1,0,0,0,0,0,0,"M/S",,
"600","CAPACI",0,0,4,2,0,0,0,,,
"900","SPEED",1,0,0,0,0,0,0,"M/S",,
"666","STEXKZ",0,1,0,0,0,0,0,,,
"504","SPENER",2,0,0,0,0,0,0,,,
"510","TIME",0,0,1,0,0,0,0,"S",,
"213","VOLUME",3,0,0,0,0,0,0,"M3",,
"000","HYDROL",3,0,0,0,0,0,0,"LMS",,
"900","SPENER",2,0,0,0,0,0,0,"JKG",,
"666","SURFAC",2,0,0,0,0,0,0,"M2",,
"504","STEXKZ",0,1,0,0,0,0,0,,,
"600","CONDUC",0,0,3,2,0,0,0,"D10",,
"510","TKONZ",0,0,0,0,0,0,0,,,
"000","LENGTH",1,0,0,0,0,0,0,"M",,
"900","SPHCAP",2,0,0,0,0,0,0,"JKK","X",
"666","SURFTE",0,1,0,0,0,0,0,,,
"504","SURFAC",2,0,0,0,0,0,0,"M2",,
"213","VPROPO",0,0,0,0,0,0,12,"KMK",,
"510","VISDYN",0,1,0,0,0,0,0,"PAS",,
"000","LIGHT",0,0,0,0,0,0,1,"CD",,
"900","SPREST",3,1,0,0,0,0,0,"OM",,
"666","SURINV",0,0,0,0,0,0,0,"M2I",,
"504","SURFTE",0,1,0,0,0,0,0,,,
"600","DENSI",0,1,0,0,0,0,0,"KGV",,
"900","STEXKZ",0,1,0,0,0,0,0,"MPZ",,
"666","TEMP",0,0,0,0,1,0,0,"K",,
"214","AAAADL",0,0,0,0,0,0,0,,,
"504","SURINV",0,0,0,0,0,0,0,"M2I",,
"510","VISKIN",2,0,0,0,0,0,0,"M2S",,
"900","SURFAC",2,0,0,0,0,0,0,"M2",,
"000","MAGNFD",0,1,0,0,0,0,0,"TES",,
"666","TEMPRT",0,0,0,0,1,0,0,,,
"600","ECURR",0,0,0,1,0,0,0,"A",,
"900","SURFTE",0,1,0,0,0,0,0,"NM",,
"504","TEMP",0,0,0,0,1,0,0,"K",,
"510","VOLFLO",3,0,0,0,0,0,0,"M3S",,
"000","MAPER",0,0,2,0,0,0,0,"kgj",,
"666","TIME",0,0,1,0,0,0,0,"S",,
"900","SURINV",0,0,0,0,0,0,0,"M2I",,
"214","ACBAC",0,0,0,0,0,1,0,"C36",,
"666","TKONZ",0,0,0,0,0,0,0,,,
"900","TEMP",0,0,0,0,1,0,0,"K",,
"504","TEMPRT",0,0,0,0,1,0,0,,,
"510","VOLTAG",2,1,0,0,0,0,0,"V",,
"000","MASFLO",0,1,0,0,0,0,0,"KGS",,
"214","ACCEL",1,0,0,0,0,0,0,"MS2",,
"600","ENERGY",2,1,0,0,0,0,0,"J",,
"666","VISDYN",0,1,0,0,0,0,0,"PAS",,
"504","TIME",0,0,1,0,0,0,0,"S",,
"900","TEMPRT",0,0,0,0,1,0,0,"KMS",,
"000","MASS",0,1,0,0,0,0,0,"KG",,
"666","VISKIN",2,0,0,0,0,0,0,"M2S",,
"510","VOLUME",3,0,0,0,0,0,0,"M3",,
"504","TKONZ",0,0,0,0,0,0,0,,,
"214","CAPACI",0,0,4,2,0,0,0,"F",,
"900","THCOND",1,1,0,0,0,0,0,"WMK","X",
"666","VOLFLO",3,0,0,0,0,0,0,"M3S",,
"600","FORCE",1,1,0,0,0,0,0,"N",,
"000","MASSBD",0,1,0,0,0,0,0,"KGF",,
"510","VPROPO",0,0,0,0,0,0,12,,,
"504","VISDYN",0,1,0,0,0,0,0,"PAS",,
"900","TIME",0,0,1,0,0,0,0,"S",,
"666","VOLTAG",2,1,0,0,0,0,0,"V",,
"511","AAAADL",0,0,0,0,0,0,0,,"X","X"
"000","MOENER",2,1,0,0,0,1,0,"JMO",,
"214","CONDUC",0,0,3,2,0,0,0,"D10",,
"666","VOLUME",3,0,0,0,0,0,0,"M3",,
"504","VISKIN",2,0,0,0,0,0,0,"M2S",,
"900","TKONZ",0,0,0,0,0,0,0,"TM3",,
"600","FREQU",0,0,0,0,0,0,0,"HZ",,
"511","ACCEL",1,0,0,0,0,0,0,"MS2",,
"000","MOLMAS",0,1,0,0,0,0,0,"KGM",,
"303","TEMPRT",0,0,0,0,1,0,0,,,
"666","VPROPO",0,0,0,0,0,0,12,,,
"511","CAPACI",0,0,4,2,0,0,0,,,
"214","DENSI",0,1,0,0,0,0,0,"KGV",,
"504","VOLFLO",3,0,0,0,0,0,0,"M3S",,
"706","AAAADL",0,0,0,0,0,0,0,,"X","X"
"000","MOLQU",0,0,0,0,0,1,0,"MOL",,
"600","HYDROL",3,0,0,0,0,0,0,,,
"511","DENSI",0,1,0,0,0,0,0,"KGV",,
"706","ACCEL",1,0,0,0,0,0,0,"MS2",,
"504","VOLTAG",2,1,0,0,0,0,0,"V",,
"511","ECURR",0,0,0,1,0,0,0,"A",,
"000","MPROPO",0,0,0,0,0,0,11,"KGK",,
"214","ECURR",0,0,0,1,0,0,0,"A",,
"706","CAPACI",0,0,4,2,0,0,0,,,
"511","ENERGY",2,1,0,0,0,0,0,"J",,
"504","VOLUME",3,0,0,0,0,0,0,"M3",,
"000","PERMEA",0,1,0,0,0,0,10,"PMR",,
"600","LENGTH",1,0,0,0,0,0,0,"M",,
"214","ENERGY",2,1,0,0,0,0,0,"J",,
"706","CONDUC",0,0,3,2,0,0,0,"D10",,
"303","TIME",0,0,1,0,0,0,0,"S",,
"511","FORCE",1,1,0,0,0,0,0,"N",,
"504","VPROPO",0,0,0,0,0,0,12,,,
"000","POINTS",0,0,0,0,0,0,9,"P",,
"706","DENSI",0,1,0,0,0,0,0,"KGV",,
"511","FREQU",0,0,0,0,0,0,0,"HZ",,
"505","AAAADL",0,0,0,0,0,0,0,,"X","X"
"214","EVARA",0,1,0,0,0,0,0,,,
"600","LIGHT",0,0,0,0,0,0,1,"CD",,
"303","TKONZ",0,0,0,0,0,0,0,,,
"000","POWER",2,1,0,0,0,0,0,"W",,
"706","ECURR",0,0,0,1,0,0,0,"A",,
"511","HYDROL",3,0,0,0,0,0,0,,,
"505","ACCEL",1,0,0,0,0,0,0,"MS2",,
"000","PRESS",0,1,0,0,0,0,0,"PA",,
"214","FORCE",1,1,0,0,0,0,0,"N",,
"706","ENERGY",2,1,0,0,0,0,0,"J",,
"303","VISDYN",0,1,0,0,0,0,0,"PAS",,
"511","LENGTH",1,0,0,0,0,0,0,"M",,
"505","CAPACI",0,0,4,2,0,0,0,,,
"000","PROPOR",0,0,0,0,0,0,10,"1",,
"706","FORCE",1,1,0,0,0,0,0,"N",,
"214","FREQU",0,0,0,0,0,0,0,"HZ",,
"511","LIGHT",0,0,0,0,0,0,1,"CD",,
"505","CONDUC",0,0,3,2,0,0,0,"D10",,
"706","FREQU",0,0,0,0,0,0,0,"HZ",,
"000","RESIST",2,1,0,0,0,0,0,"OHM",,
"303","VISKIN",2,0,0,0,0,0,0,"M2S",,
"511","MAGNFD",0,1,0,0,0,0,0,,,
"505","DENSI",0,1,0,0,0,0,0,"KGV",,
"706","HYDROL",3,0,0,0,0,0,0,,,
"214","HYDROL",3,0,0,0,0,0,0,"LMS",,
"511","MAPER",0,0,2,0,0,0,0,"kgj",,
"000","SPAEQU",0,0,0,0,0,1,0,"MOK",,
"303","VOLFLO",3,0,0,0,0,0,0,"M3S",,
"706","LENGTH",1,0,0,0,0,0,0,"M",,
"505","ECURR",0,0,0,1,0,0,0,"A",,
"214","LENGTH",1,0,0,0,0,0,0,"M",,
"511","MASFLO",0,1,0,0,0,0,0,"KGS",,
"505","ENERGY",2,1,0,0,0,0,0,"J",,
"706","LIGHT",0,0,0,0,0,0,1,"CD",,
"000","SPARAD",0,0,0,0,0,0,0,"BQK",,
"511","MASS",0,1,0,0,0,0,0,"KG",,
"303","VOLTAG",2,1,0,0,0,0,0,"V",,
"214","LIGHT",0,0,0,0,0,0,1,"CD",,
"706","MAGNFD",0,1,0,0,0,0,0,,,
"505","FORCE",1,1,0,0,0,0,0,"N",,
"511","MASSBD",0,1,0,0,0,0,0,,,
"000","SPEED",1,0,0,0,0,0,0,"M/S",,
"505","FREQU",0,0,0,0,0,0,0,"HZ",,
"511","MOENER",2,1,0,0,0,1,0,,,
"706","MAPER",0,0,2,0,0,0,0,"kgj",,
"303","VOLUME",3,0,0,0,0,0,0,"M3",,
"214","MAGNFD",0,1,0,0,0,0,0,"TES",,
"000","SPENER",2,0,0,0,0,0,0,"JKG",,
"505","HYDROL",3,0,0,0,0,0,0,,,
"511","MOLMAS",0,1,0,0,0,0,0,,,
"706","MASFLO",0,1,0,0,0,0,0,"KGS",,
"505","LENGTH",1,0,0,0,0,0,0,"M",,
"000","SPHCAP",2,0,0,0,0,0,0,"JKK","X",
"214","MAPER",0,0,2,0,0,0,0,"kgj",,
"303","VPROPO",0,0,0,0,0,0,12,,,
"511","MOLQU",0,0,0,0,0,1,0,"MOL",,
"505","LIGHT",0,0,0,0,0,0,1,"CD",,
"706","MASS",0,1,0,0,0,0,0,"KG",,
"000","SPREST",3,1,0,0,0,0,0,"OM",,
"511","MPROPO",0,0,0,0,0,0,11,,,
"505","MAGNFD",0,1,0,0,0,0,0,,,
"214","MASFLO",0,1,0,0,0,0,0,"KGS",,
"706","MASSBD",0,1,0,0,0,0,0,,,
"310","AAAADL",0,0,0,0,0,0,0,,,
"511","POINTS",0,0,0,0,0,0,9,"P",,
"000","STEXKZ",0,1,0,0,0,0,0,"MPZ",,
"505","MAPER",0,0,2,0,0,0,0,"kgj",,
"706","MOENER",2,1,0,0,0,1,0,,,
"214","MASS",0,1,0,0,0,0,0,"KG",,
"511","POWER",2,1,0,0,0,0,0,"W",,
"000","SURFAC",2,0,0,0,0,0,0,"M2",,
"600","MAGNFD",0,1,0,0,0,0,0,,,
"505","MASFLO",0,1,0,0,0,0,0,"KGS",,
"706","MOLMAS",0,1,0,0,0,0,0,,,
"310","ACBAC",0,0,0,0,0,1,0,"C36",,
"214","MASSBD",0,1,0,0,0,0,0,"KGF",,
"505","MASS",0,1,0,0,0,0,0,"KG",,
"000","SURFTE",0,1,0,0,0,0,0,"NM",,
"706","MOLQU",0,0,0,0,0,1,0,"MOL",,
"511","PRESS",0,1,0,0,0,0,0,"PA",,
"505","MASSBD",0,1,0,0,0,0,0,,,
"600","MAPER",0,0,2,0,0,0,0,"kgj",,
"706","MPROPO",0,0,0,0,0,0,11,,,
"214","MOENER",2,1,0,0,0,1,0,"JMO",,
"310","ACCEL",1,0,0,0,0,0,0,"MS2",,
"000","SURINV",0,0,0,0,0,0,0,"M2I",,
"505","MOENER",2,1,0,0,0,1,0,,,
"511","PROPOR",0,0,0,0,0,0,10,,,
"706","POINTS",0,0,0,0,0,0,9,"P",,
"505","MOLMAS",0,1,0,0,0,0,0,,,
"214","MOLMAS",0,1,0,0,0,0,0,"KGM",,
"600","MASFLO",0,1,0,0,0,0,0,"KGS",,
"310","CAPACI",0,0,4,2,0,0,0,"F",,
"000","TEMP",0,0,0,0,1,0,0,"K",,
"706","POWER",2,1,0,0,0,0,0,"W",,
"511","RESIST",2,1,0,0,0,0,0,"OHM",,
"706","PRESS",0,1,0,0,0,0,0,"PA",,
"000","TEMPRT",0,0,0,0,1,0,0,"KMS",,
"214","MOLQU",0,0,0,0,0,1,0,"MOL",,
"600","MASS",0,1,0,0,0,0,0,"KG",,
"511","ROUNDS",1,0,1,0,0,0,0,,,
"310","CONDUC",0,0,3,2,0,0,0,"D10",,
"706","PROPOR",0,0,0,0,0,0,10,,,
"000","THCOND",1,1,0,0,0,0,0,"WMK","X",
"706","RESIST",2,1,0,0,0,0,0,"OHM",,
"000","TIME",0,0,1,0,0,0,0,"S",,
"511","SPAEQU",0,0,0,0,0,1,0,,,
"214","MPROPO",0,0,0,0,0,0,11,"KGK",,
"600","MASSBD",0,1,0,0,0,0,0,,,
"706","ROUNDS",1,0,1,0,0,0,0,,,
"310","DENSI",0,1,0,0,0,0,0,"KGV",,
"000","TKONZ",0,0,0,0,0,0,0,"TM3",,
"511","SPARAD",0,0,0,0,0,0,0,,,
"706","SDL",0,0,0,0,0,0,22,,,"X"
"000","VISDYN",0,1,0,0,0,0,0,"PAS",,
"600","MOENER",2,1,0,0,0,1,0,,,
"310","ECURR",0,0,0,1,0,0,0,"A",,
"706","SPAEQU",0,0,0,0,0,1,0,,,
"214","PERMEA",0,1,0,0,0,0,10,"PMR",,
"000","VISKIN",2,0,0,0,0,0,0,"M2S",,
"511","SPEED",1,0,0,0,0,0,0,"M/S",,
"706","SPARAD",0,0,0,0,0,0,0,,,
"600","MOLMAS",0,1,0,0,0,0,0,,,
"000","VOLFLO",3,0,0,0,0,0,0,"M3S",,
"310","ENERGY",2,1,0,0,0,0,0,"J",,
"706","SPEED",1,0,0,0,0,0,0,"M/S",,
"214","POINTS",0,0,0,0,0,0,9,"P",,
"511","SPENER",2,0,0,0,0,0,0,,,
"000","VOLTAG",2,1,0,0,0,0,0,"V",,
"706","SPENER",2,0,0,0,0,0,0,,,
"600","MOLQU",0,0,0,0,0,1,0,"MOL",,
"310","EVARA",0,1,0,0,0,0,0,,,
"706","STEXKZ",0,1,0,0,0,0,0,,,
"511","STEXKZ",0,1,0,0,0,0,0,,,
"000","VOLUME",3,0,0,0,0,0,0,"M3",,
"214","POWER",2,1,0,0,0,0,0,"W",,
"706","SURFAC",2,0,0,0,0,0,0,"M2",,
"310","FORCE",1,1,0,0,0,0,0,"N",,
"600","MPROPO",0,0,0,0,0,0,11,,,
"511","SURFAC",2,0,0,0,0,0,0,"M2",,
"000","VPROPO",0,0,0,0,0,0,12,"KMK",,
"706","SURFTE",0,1,0,0,0,0,0,,,
"511","SURFTE",0,1,0,0,0,0,0,,,
"214","PRESS",0,1,0,0,0,0,0,"PA",,
"706","SURINV",0,0,0,0,0,0,0,"M2I",,
"310","FREQU",0,0,0,0,0,0,0,"HZ",,
"600","POINTS",0,0,0,0,0,0,9,"P",,
"003","AAAADL",0,0,0,0,0,0,0,,,
"511","SURINV",0,0,0,0,0,0,0,"M2I",,
"706","TEMP",0,0,0,0,1,0,0,"K",,
"511","TEMP",0,0,0,0,1,0,0,"K",,
"003","ACBAC",0,0,0,0,0,1,0,"C36",,
"310","HYDROL",3,0,0,0,0,0,0,"LMS",,
"214","PROPOR",0,0,0,0,0,0,10,"1",,
"706","TEMPRT",0,0,0,0,1,0,0,,,
"600","POWER",2,1,0,0,0,0,0,"W",,
"511","TEMPRT",0,0,0,0,1,0,0,,,
"003","ACCEL",1,0,0,0,0,0,0,"MS2",,
"706","TIME",0,0,1,0,0,0,0,"S",,
"310","LENGTH",1,0,0,0,0,0,0,"M",,
"511","TIME",0,0,1,0,0,0,0,"S",,
"214","RESIST",2,1,0,0,0,0,0,"OHM",,
"003","CAPACI",0,0,4,2,0,0,0,"F",,
"706","TKONZ",0,0,0,0,0,0,0,,,
"511","TKONZ",0,0,0,0,0,0,0,,,
"310","LIGHT",0,0,0,0,0,0,1,"CD",,
"706","VISDYN",0,1,0,0,0,0,0,"PAS",,
"511","VISDYN",0,1,0,0,0,0,0,"PAS",,
"214","SPAEQU",0,0,0,0,0,1,0,"MOK",,
"003","CONDUC",0,0,3,2,0,0,0,"D10",,
"511","VISKIN",2,0,0,0,0,0,0,"M2S",,
"706","VISKIN",2,0,0,0,0,0,0,"M2S",,
"310","MAGNFD",0,1,0,0,0,0,0,"TES",,
"511","VOLFLO",3,0,0,0,0,0,0,"M3S",,
"706","VOLFLO",3,0,0,0,0,0,0,"M3S",,
"214","SPARAD",0,0,0,0,0,0,0,"BQK",,
"511","VOLTAG",2,1,0,0,0,0,0,"V",,
"310","MAPER",0,0,2,0,0,0,0,"kgj",,
"706","VOLTAG",2,1,0,0,0,0,0,"V",,
"003","DENSI",0,1,0,0,0,0,0,"KGV",,
"511","VOLUME",3,0,0,0,0,0,0,"M3",,
"214","SPEED",1,0,0,0,0,0,0,"M/S",,
"706","VOLUME",3,0,0,0,0,0,0,"M3",,
"511","VPROPO",0,0,0,0,0,0,12,,,
"706","VPROPO",0,0,0,0,0,0,12,,,
"310","MASFLO",0,1,0,0,0,0,0,"KGS",,
"003","ECURR",0,0,0,1,0,0,0,"A",,
"214","SPENER",2,0,0,0,0,0,0,"JKG",,
"555","AAAADL",0,0,0,0,0,0,0,,"X","X"
"707","AAAADL",0,0,0,0,0,0,0,,"X","X"
"003","ENERGY",2,1,0,0,0,0,0,"J",,
"555","ACCEL",1,0,0,0,0,0,0,"MS2",,
"310","MASS",0,1,0,0,0,0,0,"KG",,
"707","ACCEL",1,0,0,0,0,0,0,"MS2",,
"214","SPHCAP",2,0,0,0,0,0,0,"JKK","X",
"555","ACTVTY",0,0,0,0,0,0,0,"BQ",,
"600","PRESS",0,1,0,0,0,0,0,"PA",,
"707","CAPACI",0,0,4,2,0,0,0,,,
"003","EVARA",0,1,0,0,0,0,0,,,
"310","MASSBD",0,1,0,0,0,0,0,"KGF",,
"707","CONDUC",0,0,3,2,0,0,0,"D10",,
"214","SPREST",3,1,0,0,0,0,0,"OM",,
"003","FORCE",1,1,0,0,0,0,0,"N",,
"707","DENSI",0,1,0,0,0,0,0,"KGV",,
"600","PROPOR",0,0,0,0,0,0,10,,,
"310","MOENER",2,1,0,0,0,1,0,"JMO",,
"707","ECURR",0,0,0,1,0,0,0,"A",,
"214","STEXKZ",0,1,0,0,0,0,0,"MPZ",,
"003","FREQU",0,0,0,0,0,0,0,"HZ",,
"707","ENERGY",2,1,0,0,0,0,0,"J",,
"310","MOLMAS",0,1,0,0,0,0,0,"KGM",,
"600","RESIST",2,1,0,0,0,0,0,"OHM",,
"214","SURFAC",2,0,0,0,0,0,0,"M2",,
"707","FORCE",1,1,0,0,0,0,0,"N",,
"003","HYDROL",3,0,0,0,0,0,0,"LMS",,
"310","MOLQU",0,0,0,0,0,1,0,"MOL",,
"600","ROUNDS",1,0,1,0,0,0,0,,,
"214","SURFTE",0,1,0,0,0,0,0,"NM",,
"003","LENGTH",1,0,0,0,0,0,0,"M",,
"310","MPROPO",0,0,0,0,0,0,11,"KGK",,
"600","SDL",0,0,0,0,0,0,22,,,"X"
"214","SURINV",0,0,0,0,0,0,0,"M2I",,
"003","LIGHT",0,0,0,0,0,0,1,"CD",,
"310","POINTS",0,0,0,0,0,0,9,"P",,
"600","SPAEQU",0,0,0,0,0,1,0,,,
"214","TEMP",0,0,0,0,1,0,0,"K",,
"310","POWER",2,1,0,0,0,0,0,"W",,
"003","MAGNFD",0,1,0,0,0,0,0,"TES",,
"003","MASFLO",0,1,0,0,0,0,0,"KGS",,
"214","TEMPRT",0,0,0,0,1,0,0,"KMS",,
"310","PRESS",0,1,0,0,0,0,0,"PA",,
"003","MASS",0,1,0,0,0,0,0,"KG",,
"310","PROPOR",0,0,0,0,0,0,10,"1",,
"003","MASSBD",0,1,0,0,0,0,0,"KGF",,
"214","THCOND",1,1,0,0,0,0,0,"WMK","X",
"003","MOENER",2,1,0,0,0,1,0,"JMO",,
"310","RESIST",2,1,0,0,0,0,0,"OHM",,
"214","TIME",0,0,1,0,0,0,0,"S",,
"003","MOLMAS",0,1,0,0,0,0,0,"KGM",,
"310","SPAEQU",0,0,0,0,0,1,0,"MOK",,
"003","MOLQU",0,0,0,0,0,1,0,"MOL",,
"214","TKONZ",0,0,0,0,0,0,0,"TM3",,
"003","MPROPO",0,0,0,0,0,0,11,"KGK",,
"310","SPARAD",0,0,0,0,0,0,0,"BQK",,
"003","PERMEA",0,1,0,0,0,0,10,"PMR",,
"214","VISDYN",0,1,0,0,0,0,0,"PAS",,
"310","SPEED",1,0,0,0,0,0,0,"M/S",,
"003","POINTS",0,0,0,0,0,0,9,"P",,
"214","VISKIN",2,0,0,0,0,0,0,"M2S",,
"003","POWER",2,1,0,0,0,0,0,"W",,
"310","SPENER",2,0,0,0,0,0,0,"JKG",,
"003","PRESS",0,1,0,0,0,0,0,"PA",,
"214","VOLFLO",3,0,0,0,0,0,0,"M3S",,
"003","PROPOR",0,0,0,0,0,0,10,"1",,
"310","SPHCAP",2,0,0,0,0,0,0,"JKK","X",
"214","VOLTAG",2,1,0,0,0,0,0,"V",,
"003","RESIST",2,1,0,0,0,0,0,"OHM",,
"310","SPREST",3,1,0,0,0,0,0,"OM",,
"003","SPAEQU",0,0,0,0,0,1,0,"MOK",,
"214","VOLUME",3,0,0,0,0,0,0,"M3",,
"003","SPARAD",0,0,0,0,0,0,0,"BQK",,
"310","STEXKZ",0,1,0,0,0,0,0,"MPZ",,
"214","VPROPO",0,0,0,0,0,0,12,"KMK",,
"003","SPEED",1,0,0,0,0,0,0,"M/S",,
"310","SURFAC",2,0,0,0,0,0,0,"M2",,
"003","SPENER",2,0,0,0,0,0,0,"JKG",,
"215","AAAADL",0,0,0,0,0,0,0,,,
"310","SURFTE",0,1,0,0,0,0,0,"NM",,
"003","SPHCAP",2,0,0,0,0,0,0,"JKK","X",
"215","ACBAC",0,0,0,0,0,1,0,"C36",,
"003","SPREST",3,1,0,0,0,0,0,"OM",,
"003","STEXKZ",0,1,0,0,0,0,0,"MPZ",,
"215","ACCEL",1,0,0,0,0,0,0,"MS2",,
"310","SURINV",0,0,0,0,0,0,0,"M2I",,
"003","SURFAC",2,0,0,0,0,0,0,"M2",,
"215","CALVAL",2,0,2,0,0,0,0,,,
"003","SURFTE",0,1,0,0,0,0,0,"NM",,
"310","TEMP",0,0,0,0,1,0,0,"K",,
"003","SURINV",0,0,0,0,0,0,0,"M2I",,
"215","CAPACI",0,0,4,2,0,0,0,"F",,
"003","TEMP",0,0,0,0,1,0,0,"K",,
"310","TEMPRT",0,0,0,0,1,0,0,"KMS",,
"215","CONDUC",0,0,3,2,0,0,0,"D10",,
"003","TEMPRT",0,0,0,0,1,0,0,"KMS",,
"310","THCOND",1,1,0,0,0,0,0,"WMK","X",
"003","THCOND",1,1,0,0,0,0,0,"WMK","X",
"215","DENSI",0,1,0,0,0,0,0,"KGV",,
"003","TIME",0,0,1,0,0,0,0,"S",,
"310","TIME",0,0,1,0,0,0,0,"S",,
"003","TKONZ",0,0,0,0,0,0,0,"TM3",,
"215","ECURR",0,0,0,1,0,0,0,"A",,
"310","TKONZ",0,0,0,0,0,0,0,"TM3",,
"003","VISDYN",0,1,0,0,0,0,0,"PAS",,
"215","ENERGY",2,1,0,0,0,0,0,"J",,
"003","VISKIN",2,0,0,0,0,0,0,"M2S",,
"310","VISDYN",0,1,0,0,0,0,0,"PAS",,
"003","VOLFLO",3,0,0,0,0,0,0,"M3S",,
"215","FORCE",1,1,0,0,0,0,0,"N",,
"003","VOLTAG",2,1,0,0,0,0,0,"V",,
"310","VISKIN",2,0,0,0,0,0,0,"M2S",,
"003","VOLUME",3,0,0,0,0,0,0,"M3",,
"215","FREQU",0,0,0,0,0,0,0,"HZ",,
"310","VOLFLO",3,0,0,0,0,0,0,"M3S",,
"003","VPROPO",0,0,0,0,0,0,12,"KMK",,
"215","HYDROL",3,0,0,0,0,0,0,"LMS",,
"005","AAAADL",0,0,0,0,0,0,0,,,
"310","VOLTAG",2,1,0,0,0,0,0,"V",,
"005","ACBAC",0,0,0,0,0,1,0,"C36",,
"215","LENGTH",1,0,0,0,0,0,0,"M",,
"310","VOLUME",3,0,0,0,0,0,0,"M3",,
"005","ACCEL",1,0,0,0,0,0,0,"MS2",,
"215","LIGHT",0,0,0,0,0,0,1,"CD",,
"310","VPROPO",0,0,0,0,0,0,12,"KMK",,
"005","CAPACI",0,0,4,2,0,0,0,"F",,
"215","MAGNFD",0,1,0,0,0,0,0,"TES",,
"005","CONDUC",0,0,3,2,0,0,0,"D10",,
"340","AAAADL",0,0,0,0,0,0,0,,,
"005","DENSI",0,1,0,0,0,0,0,"KGV",,
"215","MAPER",0,0,2,0,0,0,0,"kgj",,
"340","ACBAC",0,0,0,0,0,1,0,"C36",,
"005","ECURR",0,0,0,1,0,0,0,"A",,
"215","MASFLO",0,1,0,0,0,0,0,"KGS",,
"340","ACCEL",1,0,0,0,0,0,0,"MS2",,
"005","ENERGY",2,1,0,0,0,0,0,"J",,
"215","MASS",0,1,0,0,0,0,0,"KG",,
"340","CAPACI",0,0,4,2,0,0,0,"F",,
"005","EVARA",0,1,0,0,0,0,0,,,
"215","MASSBD",0,1,0,0,0,0,0,"KGF",,
"005","FORCE",1,1,0,0,0,0,0,"N",,
"340","CONDUC",0,0,3,2,0,0,0,"D10",,
"005","FREQU",0,0,0,0,0,0,0,"HZ",,
"340","DENSI",0,1,0,0,0,0,0,"KGV",,
"005","HYDROL",3,0,0,0,0,0,0,"LMS",,
"340","ECURR",0,0,0,1,0,0,0,"A",,
"005","LENGTH",1,0,0,0,0,0,0,"M",,
"005","LIGHT",0,0,0,0,0,0,1,"CD",,
"340","ENERGY",2,1,0,0,0,0,0,"J",,
"005","MAGNFD",0,1,0,0,0,0,0,"TES",,
"340","EVARA",0,1,0,0,0,0,0,,,
"005","MAPER",0,0,2,0,0,0,0,"kgj",,
"005","MASFLO",0,1,0,0,0,0,0,"KGS",,
"340","FORCE",1,1,0,0,0,0,0,"N",,
"005","MASS",0,1,0,0,0,0,0,"KG",,
"340","FREQU",0,0,0,0,0,0,0,"HZ",,
"005","MASSBD",0,1,0,0,0,0,0,"KGF",,
"005","MOENER",2,1,0,0,0,1,0,"JMO",,
"340","HYDROL",3,0,0,0,0,0,0,"LMS",,
"005","MOLMAS",0,1,0,0,0,0,0,"KGM",,
"340","LENGTH",1,0,0,0,0,0,0,"M",,
"005","MOLQU",0,0,0,0,0,1,0,"MOL",,
"005","MPROPO",0,0,0,0,0,0,11,"KGK",,
"340","LIGHT",0,0,0,0,0,0,1,"CD",,
"005","PERMEA",0,1,0,0,0,0,10,"PMR",,
"340","MAGNFD",0,1,0,0,0,0,0,"TES",,
"005","POINTS",0,0,0,0,0,0,9,"P",,
"005","POWER",2,1,0,0,0,0,0,"W",,
"340","MASFLO",0,1,0,0,0,0,0,"KGS",,
"005","PRESS",0,1,0,0,0,0,0,"PA",,
"340","MASS",0,1,0,0,0,0,0,"KG",,
"005","PROPOR",0,0,0,0,0,0,10,"1",,
"005","RESIST",2,1,0,0,0,0,0,"OHM",,
"340","MASSBD",0,1,0,0,0,0,0,"KGF",,
"005","SPAEQU",0,0,0,0,0,1,0,"MOK",,
"005","SPARAD",0,0,0,0,0,0,0,"BQK",,
"340","MOENER",2,1,0,0,0,1,0,"JMO",,
"005","SPEED",1,0,0,0,0,0,0,"M/S",,
"005","SPENER",2,0,0,0,0,0,0,"JKG",,
"340","MOLMAS",0,1,0,0,0,0,0,"KGM",,
"005","SPHCAP",2,0,0,0,0,0,0,"JKK","X",
"340","MOLQU",0,0,0,0,0,1,0,"MOL",,
"005","SPREST",3,1,0,0,0,0,0,"OM",,
"005","STEXKZ",0,1,0,0,0,0,0,"MPZ",,
"340","MPROPO",0,0,0,0,0,0,11,"KGK",,
"005","SURFAC",2,0,0,0,0,0,0,"M2",,
"340","PERMEA",0,1,0,0,0,0,10,"PMR",,
"005","SURFTE",0,1,0,0,0,0,0,"NM",,
"005","SURINV",0,0,0,0,0,0,0,"M2I",,
"340","POINTS",0,0,0,0,0,0,9,"P",,
"005","TEMP",0,0,0,0,1,0,0,"K",,
"340","POWER",2,1,0,0,0,0,0,"W",,
"005","TEMPRT",0,0,0,0,1,0,0,"KMS",,
"005","THCOND",1,1,0,0,0,0,0,"WMK","X",
"340","PRESS",0,1,0,0,0,0,0,"PA",,
"005","TIME",0,0,1,0,0,0,0,"S",,
"340","PROPOR",0,0,0,0,0,0,10,"1",,
"005","TKONZ",0,0,0,0,0,0,0,"TM3",,
"005","VISDYN",0,1,0,0,0,0,0,"PAS",,
"340","RESIST",2,1,0,0,0,0,0,"OHM",,
"005","VISKIN",2,0,0,0,0,0,0,"M2S",,
"005","VOLFLO",3,0,0,0,0,0,0,"M3S",,
"340","SPAEQU",0,0,0,0,0,1,0,"MOK",,
"005","VOLTAG",2,1,0,0,0,0,0,"V",,
"340","SPARAD",0,0,0,0,0,0,0,"BQK",,
"005","VOLUME",3,0,0,0,0,0,0,"M3",,
"005","VPROPO",0,0,0,0,0,0,12,"KMK",,
"340","SPEED",1,0,0,0,0,0,0,"M/S",,
"008","AAAADL",0,0,0,0,0,0,0,,,
"008","ACBAC",0,0,0,0,0,1,0,"C36",,
"340","SPENER",2,0,0,0,0,0,0,"JKG",,
"008","ACCEL",1,0,0,0,0,0,0,"MS2",,
"008","CAPACI",0,0,4,2,0,0,0,"F",,
"340","SPHCAP",2,0,0,0,0,0,0,"JKK","X",
"008","CONDUC",0,0,3,2,0,0,0,"D10",,
"340","SPREST",3,1,0,0,0,0,0,"OM",,
"008","DENSI",0,1,0,0,0,0,0,"KGV",,
"008","ECURR",0,0,0,1,0,0,0,"A",,
"340","STEXKZ",0,1,0,0,0,0,0,"MPZ",,
"008","ENERGY",2,1,0,0,0,0,0,"J",,
"008","EVARA",0,1,0,0,0,0,0,,,
"340","SURFAC",2,0,0,0,0,0,0,"M2",,
"008","FORCE",1,1,0,0,0,0,0,"N",,
"340","SURFTE",0,1,0,0,0,0,0,"NM",,
"008","FREQU",0,0,0,0,0,0,0,"HZ",,
"008","HYDROL",3,0,0,0,0,0,0,"LMS",,
"340","SURINV",0,0,0,0,0,0,0,"M2I",,
"008","LENGTH",1,0,0,0,0,0,0,"M",,
"340","TEMP",0,0,0,0,1,0,0,"K",,
"008","LIGHT",0,0,0,0,0,0,1,"CD",,
"008","MAGNFD",0,1,0,0,0,0,0,"TES",,
"340","TEMPRT",0,0,0,0,1,0,0,"KMS",,
"008","MAPER",0,0,2,0,0,0,0,"kgj",,
"340","THCOND",1,1,0,0,0,0,0,"WMK","X",
"008","MASFLO",0,1,0,0,0,0,0,"KGS",,
"008","MASS",0,1,0,0,0,0,0,"KG",,
"340","TIME",0,0,1,0,0,0,0,"S",,
"008","MASSBD",0,1,0,0,0,0,0,"KGF",,
"340","TKONZ",0,0,0,0,0,0,0,"TM3",,
"008","MOENER",2,1,0,0,0,1,0,"JMO",,
"340","VISDYN",0,1,0,0,0,0,0,"PAS",,
"008","MOLMAS",0,1,0,0,0,0,0,"KGM",,
"008","MOLQU",0,0,0,0,0,1,0,"MOL",,
"340","VISKIN",2,0,0,0,0,0,0,"M2S",,
"008","MPROPO",0,0,0,0,0,0,11,"KGK",,
"340","VOLFLO",3,0,0,0,0,0,0,"M3S",,
"008","POINTS",0,0,0,0,0,0,9,"P",,
"340","VOLTAG",2,1,0,0,0,0,0,"V",,
"008","POWER",2,1,0,0,0,0,0,"W",,
"340","VOLUME",3,0,0,0,0,0,0,"M3",,
"008","PRESS",0,1,0,0,0,0,0,"PA",,
"008","PROPOR",0,0,0,0,0,0,10,"1",,
"340","VPROPO",0,0,0,0,0,0,12,"KMK",,
"008","RESIST",2,1,0,0,0,0,0,"OHM",,
"410","AAAADL",0,0,0,0,0,0,0,,"X","X"
"008","SPAEQU",0,0,0,0,0,1,0,"MOK",,
"008","SPARAD",0,0,0,0,0,0,0,"BQK",,
"410","ACCEL",1,0,0,0,0,0,0,"MS2",,
"008","SPEED",1,0,0,0,0,0,0,"M/S",,
"410","CAPACI",0,0,4,2,0,0,0,,,
"008","SPENER",2,0,0,0,0,0,0,"JKG",,
"008","SPHCAP",2,0,0,0,0,0,0,"JKK","X",
"410","DENSI",0,1,0,0,0,0,0,"KGV",,
"008","SPREST",3,1,0,0,0,0,0,"OM",,
"410","ECURR",0,0,0,1,0,0,0,"A",,
"008","STEXKZ",0,1,0,0,0,0,0,"MPZ",,
"008","SURFAC",2,0,0,0,0,0,0,"M2",,
"410","ENERGY",2,1,0,0,0,0,0,"J",,
"008","SURFTE",0,1,0,0,0,0,0,"NM",,
"410","FORCE",1,1,0,0,0,0,0,"N",,
"008","SURINV",0,0,0,0,0,0,0,"M2I",,
"410","FREQU",0,0,0,0,0,0,0,"HZ",,
"008","TEMP",0,0,0,0,1,0,0,"K",,
"410","HYDROL",3,0,0,0,0,0,0,,,
"008","TEMPRT",0,0,0,0,1,0,0,"KMS",,
"008","THCOND",1,1,0,0,0,0,0,"WMK","X",
"410","LENGTH",1,0,0,0,0,0,0,"M",,
"008","TIME",0,0,1,0,0,0,0,"S",,
"410","LIGHT",0,0,0,0,0,0,1,"CD",,
"410","MAGNFD",0,1,0,0,0,0,0,,,
"008","TKONZ",0,0,0,0,0,0,0,"TM3",,
"410","MASFLO",0,1,0,0,0,0,0,"KGS",,
"008","VISDYN",0,1,0,0,0,0,0,"PAS",,
"410","MASS",0,1,0,0,0,0,0,"KG",,
"008","VISKIN",2,0,0,0,0,0,0,"M2S",,
"410","MASSBD",0,1,0,0,0,0,0,,,
"008","VOLFLO",3,0,0,0,0,0,0,"M3S",,
"410","MOENER",2,1,0,0,0,1,0,,,
"008","VOLTAG",2,1,0,0,0,0,0,"V",,
"410","MOLMAS",0,1,0,0,0,0,0,,,
"008","VOLUME",3,0,0,0,0,0,0,"M3",,
"410","MOLQU",0,0,0,0,0,1,0,"MOL",,
"410","MPROPO",0,0,0,0,0,0,11,,,
"008","VPROPO",0,0,0,0,0,0,12,"KMK",,
"410","POINTS",0,0,0,0,0,0,9,"P",,
"009","AAAADL",0,0,0,0,0,0,0,,,
"410","POWER",2,1,0,0,0,0,0,"W",,
"009","ACBAC",0,0,0,0,0,1,0,"C36",,
"410","PRESS",0,1,0,0,0,0,0,"PA",,
"009","ACCEL",1,0,0,0,0,0,0,"MS2",,
"410","PROPOR",0,0,0,0,0,0,10,,,
"009","CAPACI",0,0,4,2,0,0,0,"F",,
"410","RESIST",2,1,0,0,0,0,0,"OHM",,
"410","ROUNDS",1,0,1,0,0,0,0,,,
"009","CONDUC",0,0,3,2,0,0,0,"D10",,
"410","SDL",0,0,0,0,0,0,22,,,"X"
"410","SPAEQU",0,0,0,0,0,1,0,,,
"009","DENSI",0,1,0,0,0,0,0,"KGV",,
"410","SPARAD",0,0,0,0,0,0,0,,,
"410","SPEED",1,0,0,0,0,0,0,"M/S",,
"009","ECURR",0,0,0,1,0,0,0,"A",,
"410","SPENER",2,0,0,0,0,0,0,,,
"410","STEXKZ",0,1,0,0,0,0,0,,,
"009","ENERGY",2,1,0,0,0,0,0,"J",,
"410","SURFAC",2,0,0,0,0,0,0,"M2",,
"410","SURFTE",0,1,0,0,0,0,0,,,
"009","EVARA",0,1,0,0,0,0,0,,,
"410","SURINV",0,0,0,0,0,0,0,"M2I",,
"410","TEMP",0,0,0,0,1,0,0,"K",,
"009","FORCE",1,1,0,0,0,0,0,"N",,
"009","FREQU",0,0,0,0,0,0,0,"HZ",,
"009","HYDROL",3,0,0,0,0,0,0,"LMS",,
"009","LENGTH",1,0,0,0,0,0,0,"M",,
"009","LIGHT",0,0,0,0,0,0,1,"CD",,
"009","MAGNFD",0,1,0,0,0,0,0,"TES",,
"009","MAPER",0,0,2,0,0,0,0,"kgj",,
"009","MASFLO",0,1,0,0,0,0,0,"KGS",,
"009","MASS",0,1,0,0,0,0,0,"KG",,
"009","MASSBD",0,1,0,0,0,0,0,"KGF",,
"009","MOENER",2,1,0,0,0,1,0,"JMO",,
"009","MOLMAS",0,1,0,0,0,0,0,"KGM",,
"009","MOLQU",0,0,0,0,0,1,0,"MOL",,
"009","MPROPO",0,0,0,0,0,0,11,"KGK",,
"009","POINTS",0,0,0,0,0,0,9,"P",,
"009","POWER",2,1,0,0,0,0,0,"W",,
"009","PRESS",0,1,0,0,0,0,0,"PA",,
"009","PROPOR",0,0,0,0,0,0,10,"1",,
"009","RESIST",2,1,0,0,0,0,0,"OHM",,
"009","SPAEQU",0,0,0,0,0,1,0,"MOK",,
"009","SPARAD",0,0,0,0,0,0,0,"BQK",,
"009","SPEED",1,0,0,0,0,0,0,"M/S",,
"009","SPENER",2,0,0,0,0,0,0,"JKG",,
"009","SPHCAP",2,0,0,0,0,0,0,"JKK","X",
"009","SPREST",3,1,0,0,0,0,0,"OM",,
"009","STEXKZ",0,1,0,0,0,0,0,"MPZ",,
"009","SURFAC",2,0,0,0,0,0,0,"M2",,
"009","SURFTE",0,1,0,0,0,0,0,"NM",,
"009","SURINV",0,0,0,0,0,0,0,"M2I",,
"009","TEMP",0,0,0,0,1,0,0,"K",,
"009","TEMPRT",0,0,0,0,1,0,0,"KMS",,
"009","THCOND",1,1,0,0,0,0,0,"WMK","X",
"009","TIME",0,0,1,0,0,0,0,"S",,
"009","TKONZ",0,0,0,0,0,0,0,"TM3",,
"009","VISDYN",0,1,0,0,0,0,0,"PAS",,
"009","VISKIN",2,0,0,0,0,0,0,"M2S",,
"009","VOLFLO",3,0,0,0,0,0,0,"M3S",,
"009","VOLTAG",2,1,0,0,0,0,0,"V",,
"009","VOLUME",3,0,0,0,0,0,0,"M3",,
"009","VPROPO",0,0,0,0,0,0,12,"KMK",,
"203","AAAADL",0,0,0,0,0,0,0,,,
"203","ACBAC",0,0,0,0,0,1,0,"C36",,
"203","ACCEL",1,0,0,0,0,0,0,"MS2",,
"203","CAPACI",0,0,4,2,0,0,0,"F",,
"203","CONDUC",0,0,3,2,0,0,0,"D10",,
"203","DENSI",0,1,0,0,0,0,0,"KGV",,
"203","ECURR",0,0,0,1,0,0,0,"A",,
"203","ENERGY",2,1,0,0,0,0,0,"J",,
